hla_allele	category	total_candidate_rows	n_files
DRB1*01:01	human_classical_class_II_DR	209	7
HLA-C*12:03	human_classical_class_I_C	206	7
HLA-C*07:02	human_classical_class_I_C	196	4
DRB1*07:01	human_classical_class_II_DR	139	9
HLA-C*12:02	human_classical_class_I_C	87	1
DPA1*01:03-DPB1*04:01	human_classical_class_II_DP	77	18
HLA-C*08:02	human_classical_class_I_C	73	3
DRB5*02:02	human_classical_class_II_DR	66	4
DRB1*11:01	human_classical_class_II_DR	56	4
HLA-C*06:02	human_classical_class_I_C	56	8
DRB1*15:01	human_classical_class_II_DR	55	4
DRB1*01:02	human_classical_class_II_DR	54	2
HLA-B*08:01	human_classical_class_I_B	51	3
DRB5*01:01	human_classical_class_II_DR	45	5
HLA-C*03:04	human_classical_class_I_C	40	6
DRB1*13:01	human_classical_class_II_DR	40	4
HLA-B*40:02	human_classical_class_I_B	37	2
HLA-B*15:01	human_classical_class_I_B	34	2
DQA1*02:01-DQB1*03:01	human_classical_class_II_DQ	32	4
HLA-C*02:02	human_classical_class_I_C	31	2
DPA1*02:01-DPB1*04:01	human_classical_class_II_DP	30	2
DRB1*03:01	human_classical_class_II_DR	28	3
DPA1*01:03-DPB1*02:01	human_classical_class_II_DP	28	4
DQA1*05:01-DQB1*03:01	human_classical_class_II_DQ	27	1
DRB1*11:03	human_classical_class_II_DR	24	2
DRB1*04:01	human_classical_class_II_DR	23	3
HLA-B*13:02	human_classical_class_I_B	18	3
DQA1*05:01-DQB1*04:02	human_classical_class_II_DQ	15	1
HLA-E*01:01	human_nonclassical_class_I_EFG	14	6
HLA-A*30:01	human_classical_class_I_A	14	1
DQA1*05:05-DQB1*03:01	human_classical_class_II_DQ	14	5
DQA1*02:01-DQB1*05:02	human_classical_class_II_DQ	14	2
HLA-B*18:01	human_classical_class_I_B	14	4
DRB3*01:01	human_classical_class_II_DR	13	5
DPA1*02:02-DPB1*04:01	human_classical_class_II_DP	12	1
DRB1*14:54	human_classical_class_II_DR	12	1
HLA-C*14:02	human_classical_class_I_C	11	2
HLA-C*17:01	human_classical_class_I_C	11	1
HLA-B*40:01	human_classical_class_I_B	11	3
DRB3*02:02	human_classical_class_II_DR	11	4
DQA1*02:01-DQB1*06:02	human_classical_class_II_DQ	8	1
DRB1*11:04	human_classical_class_II_DR	7	1
HLA-B*52:01	human_classical_class_I_B	7	1
HLA-B*07:02	human_classical_class_I_B	7	3
DQA1*02:01-DQB1*04:02	human_classical_class_II_DQ	6	1
HLA-A*02:05	human_classical_class_I_A	6	2
HLA-A*33:01	human_classical_class_I_A	6	2
HLA-B*41:01	human_classical_class_I_B	6	1
HLA-A*11:01	human_classical_class_I_A	6	1
DPA1*02:01-DPB1*17:01	human_classical_class_II_DP	6	1
DRB1*08:03	human_classical_class_II_DR	5	1
HLA-B*38:01	human_classical_class_I_B	5	1
DQA1*02:01-DQB1*03:03	human_classical_class_II_DQ	5	2
DQA1*03:01-DQB1*05:01	human_classical_class_II_DQ	5	2
DPA1*01:03-DPB1*14:01	human_classical_class_II_DP	5	1
HLA-C*05:01	human_classical_class_I_C	5	1
HLA-B*53:01	human_classical_class_I_B	4	1
HLA-B*27:05	human_classical_class_I_B	4	3
HLA-B*39:01	human_classical_class_I_B	4	2
DQA1*01:02-DQB1*05:01	human_classical_class_II_DQ	4	1
DQA1*03:03-DQB1*03:01	human_classical_class_II_DQ	4	1
DQA1*05:01-DQB1*02:01	human_classical_class_II_DQ	4	2
HLA-B*15:17	human_classical_class_I_B	4	1
DRB1*13:03	human_classical_class_II_DR	4	1
DQA1*05:05-DQB1*06:02	human_classical_class_II_DQ	3	1
DQA1*05:05-DQB1*03:03	human_classical_class_II_DQ	3	1
DPA1*02:01-DPB1*01:01	human_classical_class_II_DP	3	1
HLA-A*32:01	human_classical_class_I_A	3	1
DQA1*04:01-DQB1*04:02	human_classical_class_II_DQ	3	3
HLA-B*50:01	human_classical_class_I_B	3	2
DQA1*01:02-DQB1*06:02	human_classical_class_II_DQ	2	1
DPA1*01:03-DPB1*01:01	human_classical_class_II_DP	2	1
HLA-B*44:27	human_classical_class_I_B	2	1
DQA1*03:03-DQB1*05:01	human_classical_class_II_DQ	2	1
DQA1*03:03-DQB1*02:01	human_classical_class_II_DQ	2	1
DQA1*01:04-DQB1*06:02	human_classical_class_II_DQ	2	1
DQA1*02:01-DQB1*02:02	human_classical_class_II_DQ	2	2
DPA1*01:03-DPB1*05:01	human_classical_class_II_DP	1	1
DPA1*01:03-DPB1*03:01	human_classical_class_II_DP	1	1
DQA1*01:03-DQB1*02:02	human_classical_class_II_DQ	1	1
DQA1*03:01-DQB1*03:02	human_classical_class_II_DQ	1	1
DQA1*02:01-DQB1*06:03	human_classical_class_II_DQ	1	1
DQA1*01:03-DQB1*06:03	human_classical_class_II_DQ	1	1
DQA1*05:05-DQB1*06:03	human_classical_class_II_DQ	1	1
DRB1*08:01	human_classical_class_II_DR	1	1
HLA-C*01:02	human_classical_class_I_C	1	1
HLA-C*07:01	human_classical_class_I_C	1	1
HLA-E*01:03	human_nonclassical_class_I_EFG	1	1
