file	category	hla_original	count
iedb_mhc_ligand	human_classical_class_II_DR	HLA-DR	120881
cedar_mhc_ligand	human_classical_class_II_DR	HLA-DR	120304
iedb_mhc_ligand	human_classical_class_II_DQ	HLA-DQ	13652
cedar_mhc_ligand	human_classical_class_II_DQ	HLA-DQ	13620
iedb_mhc_ligand	human_classical_class_II_DR	HLA-DR1	6193
cedar_mhc_ligand	human_classical_class_II_DR	HLA-DR1	5373
iedb_mhc_ligand	human_classical_class_II_DP	HLA-DP	5002
cedar_mhc_ligand	human_classical_class_II_DP	HLA-DP	4827
iedb_tcell	human_classical_class_II_DR	HLA-DR	4077
iedb_mhc_ligand	human_nonclassical_class_I_EFG	HLA-G*01:01	3252
cedar_mhc_ligand	human_nonclassical_class_I_EFG	HLA-G*01:01	3189
iedb_tcell	human_classical_class_II_DR	HLA-DR3	1943
iedb_tcell	human_classical_class_II_DR	HLA-DR4	1675
iedb_tcell	human_classical_class_II_DR	HLA-DR1	1619
cedar_tcell	human_classical_class_II_DR	HLA-DR	1169
iedb_mhc_ligand	human_classical_class_II_DR	HLA-DR3	1156
iedb_mhc_ligand	human_nonclassical_class_I_EFG	HLA-E*01:03	1130
iedb_mhc_ligand	human_classical_class_II_DR	HLA-DR7	880
cedar_mhc_ligand	human_nonclassical_class_I_EFG	HLA-G*01:04	822
iedb_mhc_ligand	human_nonclassical_class_I_EFG	HLA-G*01:04	822
iedb_tcell	human_classical_class_II_DQ	HLA-DQ8	763
cedar_mhc_ligand	human_nonclassical_class_I_EFG	HLA-G*01:03	749
iedb_mhc_ligand	human_nonclassical_class_I_EFG	HLA-G*01:03	749
iedb_mhc_ligand	human_classical_class_II_DR	HLA-DR4	728
cedar_mhc_ligand	human_nonclassical_class_I_EFG	HLA-E*01:03	684
iedb_tcell	human_classical_class_II_DR	HLA-DR2	663
cedar_mhc_ligand	human_classical_class_II_DR	HLA-DR3	568
cedar_mhc_ligand	human_classical_class_II_DR	HLA-DR7	494
cedar_tcell	human_classical_class_II_DR	HLA-DR3	480
iedb_mhc_ligand	human_classical_class_II_DR	HLA-DR2	443
iedb_tcell	human_classical_class_II_DR	HLA-DR15	419
iedb_mhc_ligand	human_classical_class_II_DR	HLA-DR11	413
iedb_mhc_ligand	human_nonclassical_class_I_EFG	HLA-E*01:01	389
cedar_tcell	human_classical_class_II_DR	HLA-DR4	369
iedb_mhc_ligand	human_classical_class_II_DR	HLA-DR13	352
iedb_tcell	human_classical_class_II_DR	HLA-DR7	327
iedb_mhc_ligand	human_classical_class_II_DR	HLA-DR15	302
cedar_tcell	human_classical_class_II_DR	HLA-DR1	301
iedb_tcell	human_classical_class_II_DR	HLA-DR13	271
iedb_tcell	human_classical_class_II_DR	HLA-DR11	263
iedb_tcell	human_nonclassical_class_I_EFG	HLA-E*01:03	260
iedb_tcell	human_classical_class_II_DR	HLA-DR53	250
cedar_mhc_ligand	human_classical_class_II_DR	HLA-DR2	249
iedb_tcell	human_classical_class_II_DQ	HLA-DQ	249
iedb_mhc_ligand	human_classical_class_II_DQ	HLA-DQ8	247
iedb_tcell	human_classical_class_II_DQ	HLA-DQ2	246
iedb_tcell	human_classical_class_II_DP	HLA-DPw4	239
cedar_tcell	human_classical_class_II_DR	HLA-DR13	217
iedb_mhc_ligand	human_nonclassical_class_I_EFG	HLA-E	213
iedb_mhc_ligand	human_classical_class_II_DQ	HLA-DQ2	211
cedar_mhc_ligand	human_classical_class_II_DR	HLA-DR4	210
iedb_tcell	human_classical_class_II_DP	HLA-DP	202
cedar_tcell	human_classical_class_II_DP	HLA-DPw4	196
cedar_tcell	human_classical_class_II_DR	HLA-DR53	177
iedb_tcell	human_nonclassical_class_I_EFG	HLA-E	177
cedar_mhc_ligand	human_nonclassical_class_I_EFG	HLA-F*01:04	173
iedb_mhc_ligand	human_nonclassical_class_I_EFG	HLA-F*01:04	173
cedar_mhc_ligand	human_nonclassical_class_I_EFG	HLA-F*01:03	171
iedb_mhc_ligand	human_nonclassical_class_I_EFG	HLA-F*01:03	171
cedar_mhc_ligand	human_classical_class_II_DQ	HLA-DQ8	169
iedb_tcell	human_nonclassical_class_I_EFG	HLA-E*01:01	163
iedb_tcell	human_classical_class_II_DQ	HLA-DQ6	163
cedar_mhc_ligand	human_nonclassical_class_I_EFG	HLA-E	151
cedar_mhc_ligand	human_nonclassical_class_I_EFG	HLA-F*01:01	144
iedb_mhc_ligand	human_nonclassical_class_I_EFG	HLA-F*01:01	144
cedar_tcell	human_classical_class_II_DR	HLA-DR15	139
cedar_mhc_ligand	human_nonclassical_class_I_EFG	HLA-E*01:01	131
cedar_mhc_ligand	human_classical_class_II_DQ	HLA-DQ2	123
iedb_mhc_ligand	human_classical_class_I_C	HLA-Cw4	121
cedar_mhc_ligand	human_classical_class_II_DR	HLA-DR13	118
cedar_tcell	human_classical_class_II_DR	HLA-DR11	116
iedb_tcell	human_classical_class_II_DR	HLA-DR9	116
cedar_mhc_ligand	human_classical_class_I_C	HLA-Cw4	115
iedb_mhc_ligand	human_classical_class_II_DR	HLA-DR8	115
cedar_tcell	human_classical_class_II_DQ	HLA-DQ8	114
iedb_mhc_ligand	human_classical_class_II_DR	HLA-DR14	100
iedb_tcell	human_classical_class_I_B	HLA-B	85
cedar_tcell	human_classical_class_I_B	HLA-B	84
cedar_mhc_ligand	human_classical_class_II_DR	HLA-DR8	83
cedar_tcell	human_nonclassical_class_I_EFG	HLA-E*01:01	83
iedb_mhc_ligand	human_classical_class_II_DR	HLA-DR17	80
cedar_mhc_ligand	human_classical_class_II_DP	HLA-DPw2	77
iedb_mhc_ligand	human_classical_class_II_DP	HLA-DPw2	77
cedar_mhc_ligand	human_classical_class_II_DR	HLA-DR11	72
iedb_tcell	human_classical_class_II_DR	HLA-DR14	70
iedb_mhc_ligand	human_classical_class_II_DP	HLA-DPw4	67
iedb_tcell	human_classical_class_II_DP	HLA-DPw2	66
cedar_mhc_ligand	human_classical_class_II_DP	HLA-DPw4	65
cedar_tcell	human_classical_class_II_DR	HLA-DR7	59
iedb_tcell	human_classical_class_II_DQ	HLA-DQ1	58
cedar_mhc_ligand	human_classical_class_II_DR	HLA-DR15	57
cedar_mhc_ligand	human_classical_class_II_DR	HLA-DR17	56
cedar_tcell	human_classical_class_II_DP	HLA-DP	56
iedb_mhc_ligand	human_classical_class_II_DR	HLA-DR5	56
iedb_tcell	human_classical_class_II_DQ	HLA-DQ7	55
iedb_tcell	human_classical_class_I_C	HLA-Cw6	51
cedar_tcell	human_classical_class_I_C	HLA-Cw6	50
cedar_tcell	human_classical_class_II_DP	HLA-DPw2	48
iedb_tcell	human_nonclassical_class_I_EFG	HLA-G*01:01	48
iedb_tcell	human_classical_class_II_DR	HLA-DR17	46
iedb_mhc_ligand	human_nonclassical_class_I_EFG	HLA-G	41
cedar_tcell	human_classical_class_II_DR	HLA-DR2	39
cedar_tcell	human_classical_class_II_DR	HLA-DR9	39
iedb_tcell	human_classical_class_II_DR	HLA-DR5	38
iedb_tcell	human_classical_class_II_DR	HLA-DR8	38
cedar_tcell	human_classical_class_II_DQ	HLA-DQ7	35
iedb_mhc_ligand	human_classical_class_II_DR	HLA-DR9	34
cedar_mhc_ligand	human_nonclassical_class_I_EFG	HLA-G	33
cedar_tcell	human_classical_class_II_DQ	HLA-DQ	31
iedb_tcell	human_classical_class_II_DQ	HLA-DQ5	31
cedar_tcell	human_nonclassical_class_I_EFG	HLA-E*01:03	30
cedar_tcell	human_nonclassical_class_I_EFG	HLA-E	28
iedb_tcell	human_classical_class_II_DR	HLA-DR52	28
iedb_mhc_ligand	human_classical_class_II_DR	HLA-DR6	27
iedb_tcell	human_classical_class_I_C	HLA-Cw3	27
iedb_mhc_ligand	human_classical_class_II_DQ	HLA-DQ6	26
iedb_tcell	human_classical_class_II_DR	HLA-DR6	26
cedar_tcell	human_classical_class_I_C	HLA-Cw3	24
iedb_tcell	human_classical_class_II_DR	HLA-DR16	24
cedar_tcell	human_classical_class_II_DQ	HLA-DQ1	21
iedb_mhc_ligand	human_classical_class_II_DR	HLA-DR53	21
cedar_mhc_ligand	human_classical_class_II_DR	HLA-DR5	19
cedar_tcell	human_classical_class_II_DR	HLA-DR52	18
cedar_tcell	human_classical_class_I_C	HLA-Cw4	18
iedb_mhc_ligand	human_classical_class_II_DQ	HLA-DQ7	18
iedb_tcell	human_classical_class_II_DR	HLA-DR51	18
iedb_tcell	human_classical_class_II_DR	HLA-DR12	18
iedb_tcell	human_classical_class_I_C	HLA-Cw4	18
iedb_mhc_ligand	human_classical_class_I_C	HLA-Cw1	17
iedb_tcell	human_classical_class_I_C	HLA-Cw7	16
cedar_mhc_ligand	human_classical_class_II_DQ	HLA-DQ7	15
iedb_mhc_ligand	human_classical_class_II_DR	HLA-DR52	15
cedar_mhc_ligand	human_classical_class_I_C	HLA-Cw7	14
iedb_mhc_ligand	human_classical_class_I_C	HLA-Cw7	14
cedar_tcell	human_classical_class_I_C	HLA-Cw7	13
cedar_tcell	human_classical_class_II_DR	HLA-DR16	13
cedar_tcell	human_classical_class_II_DR	HLA-DR51	13
cedar_tcell	human_classical_class_II_DQ	HLA-DQ6	12
cedar_tcell	human_classical_class_II_DR	HLA-DR14	12
iedb_tcell	human_classical_class_I_A	HLA-A	12
cedar_mhc_ligand	human_classical_class_II_DR	HLA-DR53	11
cedar_tcell	human_classical_class_II_DR	HLA-DR12	11
cedar_tcell	human_classical_class_I_A	HLA-A	11
cedar_mhc_ligand	human_classical_class_II_DR	HLA-DR9	10
iedb_tcell	human_classical_class_I_C	HLA-Cw12	10
cedar_mhc_ligand	human_classical_class_II_DR	HLA-DR6	9
cedar_tcell	human_classical_class_II_DQ	HLA-DQ2	9
iedb_tcell	human_classical_class_II_DP	HLA-DPw5	9
cedar_mhc_ligand	human_classical_class_II_DR	HLA-DR14	8
cedar_tcell	human_classical_class_II_DQ	HLA-DQ5	8
cedar_tcell	human_classical_class_II_DR	HLA-DR6	7
cedar_tcell	human_classical_class_II_DP	HLA-DPw5	7
cedar_mhc_ligand	human_classical_class_I_C	HLA-Cw1	6
cedar_tcell	human_classical_class_II_DR	HLA-DR17	6
cedar_tcell	human_classical_class_II_DR	HLA-DR8	6
iedb_tcell	human_classical_class_II_DQ	HLA-DQ3	6
iedb_tcell	human_nonclassical_class_I_EFG	HLA-G	5
cedar_tcell	human_classical_class_I_C	HLA-Cw12	4
cedar_tcell	human_nonclassical_class_I_EFG	HLA-G	4
iedb_mhc_ligand	human_classical_class_I_C	HLA-Cw3	4
iedb_tcell	human_classical_class_II_DR	HLA-DR10	4
cedar_mhc_ligand	human_classical_class_I_C	HLA-Cw3	3
cedar_tcell	human_classical_class_II_DR	HLA-DR5	3
cedar_tcell	human_classical_class_I_C	HLA-Cw8	3
iedb_mhc_ligand	human_classical_class_II_DQ	HLA-DQ1	3
iedb_mhc_ligand	human_classical_class_II_DQ	HLA-DQ5	3
iedb_tcell	human_classical_class_II_DP	HLA-DPw3	3
iedb_tcell	human_classical_class_I_C	HLA-Cw8	3
cedar_mhc_ligand	human_classical_class_I_C	HLA-Cw2	2
cedar_tcell	human_classical_class_I_C	HLA-Cw2	2
cedar_tcell	human_classical_class_I_C	HLA-Cw1	2
iedb_mhc_ligand	human_classical_class_I_C	HLA-Cw2	2
iedb_tcell	human_classical_class_II_DQ	HLA-DQ9	2
iedb_tcell	human_classical_class_I_C	HLA-Cw2	2
iedb_tcell	human_classical_class_I_C	HLA-Cw1	2
tsnadb_validated_collected	human_classical_class_II_DR	DR11	2
tsnadb_validated_collected	human_classical_class_II_DR	HLA-DR	2
cedar_mhc_ligand	human_classical_class_II_DQ	HLA-DQ5	1
cedar_mhc_ligand	human_classical_class_II_DQ	HLA-DQ1	1
cedar_mhc_ligand	human_classical_class_II_DQ	HLA-DQ9	1
cedar_mhc_ligand	human_classical_class_I_C	HLA-Cw12	1
cedar_tcell	human_classical_class_II_DP	HLA-DPw3	1
cedar_tcell	human_classical_class_I_C	HLA-Cw15	1
cedar_tcell	human_classical_class_II_DQ	HLA-DQ9	1
iedb_mhc_ligand	human_classical_class_II_DR	HLA-DR12	1
iedb_mhc_ligand	human_classical_class_II_DQ	HLA-DQ9	1
iedb_mhc_ligand	human_classical_class_I_C	HLA-Cw12	1
iedb_tcell	human_classical_class_I_C	HLA-Cw15	1
iedb_tcell	human_classical_class_I_C	HLA-Cw18	1
tsnadb_validated_collected	human_classical_class_II_DR	DR13	1
tsnadb_validated_collected	human_classical_class_II_DR	DR14	1
tsnadb_validated_collected	human_classical_class_II_DR	DR*07:01	1
tsnadb_validated_collected	human_classical_class_II_DR	HLA-DR3	1
tsnadb_validated_collected	human_classical_class_II_DR	DR9	1
tsnadb_validated_collected	human_classical_class_II_DP	DP5	1
tsnadb_validated_collected	human_classical_class_II_DP	DP17	1
tsnadb_validated_collected	human_classical_class_II_DR	DR53	1
