sample_id	criterion	criterion_label	cutoff_type	cutoff	method	hit_rate	ic50_hit_rate	hit_rate_difference_vs_ic50
TCGA-BF-A1PV	min8	Min-8 containment	Top-N	10	Borda	0.4	0.2	0.2
TCGA-BF-A1PV	min8	Min-8 containment	Top-N	20	Borda	0.55	0.4	0.15000000000000002
TCGA-BF-A1PV	min8	Min-8 containment	Top-N	50	Borda	0.3409090909090909	0.3409090909090909	0.0
TCGA-BF-A1PV	min8	Min-8 containment	Top-percentile	1	Borda	0.0	0.0	0.0
TCGA-BF-A1PV	min8	Min-8 containment	Top-percentile	5	Borda	0.0	0.3333333333333333	-0.3333333333333333
TCGA-BF-A1PV	min8	Min-8 containment	Top-percentile	10	Borda	0.2	0.2	0.0
TCGA-BF-A1PV	min8	Min-8 containment	Top-percentile	20	Borda	0.3333333333333333	0.2222222222222222	0.1111111111111111
TCGA-BF-A1PV	min8_cov50	Min-8 + >=50% coverage	Top-N	10	Borda	0.4	0.2	0.2
TCGA-BF-A1PV	min8_cov50	Min-8 + >=50% coverage	Top-N	20	Borda	0.4	0.25	0.15000000000000002
TCGA-BF-A1PV	min8_cov50	Min-8 + >=50% coverage	Top-N	50	Borda	0.25	0.25	0.0
TCGA-BF-A1PV	min8_cov50	Min-8 + >=50% coverage	Top-percentile	1	Borda	0.0	0.0	0.0
TCGA-BF-A1PV	min8_cov50	Min-8 + >=50% coverage	Top-percentile	5	Borda	0.0	0.3333333333333333	-0.3333333333333333
TCGA-BF-A1PV	min8_cov50	Min-8 + >=50% coverage	Top-percentile	10	Borda	0.2	0.2	0.0
TCGA-BF-A1PV	min8_cov50	Min-8 + >=50% coverage	Top-percentile	20	Borda	0.3333333333333333	0.2222222222222222	0.1111111111111111
TCGA-BF-A1PV	min8_cov70	Min-8 + >=70% coverage	Top-N	10	Borda	0.0	0.0	0.0
TCGA-BF-A1PV	min8_cov70	Min-8 + >=70% coverage	Top-N	20	Borda	0.1	0.05	0.05
TCGA-BF-A1PV	min8_cov70	Min-8 + >=70% coverage	Top-N	50	Borda	0.045454545454545456	0.045454545454545456	0.0
TCGA-BF-A1PV	min8_cov70	Min-8 + >=70% coverage	Top-percentile	1	Borda	0.0	0.0	0.0
TCGA-BF-A1PV	min8_cov70	Min-8 + >=70% coverage	Top-percentile	5	Borda	0.0	0.0	0.0
TCGA-BF-A1PV	min8_cov70	Min-8 + >=70% coverage	Top-percentile	10	Borda	0.0	0.0	0.0
TCGA-BF-A1PV	min8_cov70	Min-8 + >=70% coverage	Top-percentile	20	Borda	0.0	0.0	0.0
TCGA-BF-A1PV	min8_cov80	Min-8 + >=80% coverage	Top-N	10	Borda	0.0	0.0	0.0
TCGA-BF-A1PV	min8_cov80	Min-8 + >=80% coverage	Top-N	20	Borda	0.05	0.05	0.0
TCGA-BF-A1PV	min8_cov80	Min-8 + >=80% coverage	Top-N	50	Borda	0.022727272727272728	0.022727272727272728	0.0
TCGA-BF-A1PV	min8_cov80	Min-8 + >=80% coverage	Top-percentile	1	Borda	0.0	0.0	0.0
TCGA-BF-A1PV	min8_cov80	Min-8 + >=80% coverage	Top-percentile	5	Borda	0.0	0.0	0.0
TCGA-BF-A1PV	min8_cov80	Min-8 + >=80% coverage	Top-percentile	10	Borda	0.0	0.0	0.0
TCGA-BF-A1PV	min8_cov80	Min-8 + >=80% coverage	Top-percentile	20	Borda	0.0	0.0	0.0
TCGA-BF-A3DJ	min8	Min-8 containment	Top-N	10	Borda	0.4	0.5	-0.09999999999999998
TCGA-BF-A3DJ	min8	Min-8 containment	Top-N	20	Borda	0.3	0.45	-0.15000000000000002
TCGA-BF-A3DJ	min8	Min-8 containment	Top-N	50	Borda	0.37142857142857144	0.37142857142857144	0.0
TCGA-BF-A3DJ	min8	Min-8 containment	Top-percentile	1	Borda	1.0	1.0	0.0
TCGA-BF-A3DJ	min8	Min-8 containment	Top-percentile	5	Borda	1.0	1.0	0.0
TCGA-BF-A3DJ	min8	Min-8 containment	Top-percentile	10	Borda	0.5	1.0	-0.5
TCGA-BF-A3DJ	min8	Min-8 containment	Top-percentile	20	Borda	0.5714285714285714	0.5714285714285714	0.0
TCGA-BF-A3DJ	min8_cov50	Min-8 + >=50% coverage	Top-N	10	Borda	0.0	0.1	-0.1
TCGA-BF-A3DJ	min8_cov50	Min-8 + >=50% coverage	Top-N	20	Borda	0.05	0.15	-0.09999999999999999
TCGA-BF-A3DJ	min8_cov50	Min-8 + >=50% coverage	Top-N	50	Borda	0.08571428571428572	0.08571428571428572	0.0
TCGA-BF-A3DJ	min8_cov50	Min-8 + >=50% coverage	Top-percentile	1	Borda	0.0	0.0	0.0
TCGA-BF-A3DJ	min8_cov50	Min-8 + >=50% coverage	Top-percentile	5	Borda	0.0	0.0	0.0
TCGA-BF-A3DJ	min8_cov50	Min-8 + >=50% coverage	Top-percentile	10	Borda	0.0	0.25	-0.25
TCGA-BF-A3DJ	min8_cov50	Min-8 + >=50% coverage	Top-percentile	20	Borda	0.0	0.14285714285714285	-0.14285714285714285
TCGA-BF-A3DJ	min8_cov70	Min-8 + >=70% coverage	Top-N	10	Borda	0.0	0.0	0.0
TCGA-BF-A3DJ	min8_cov70	Min-8 + >=70% coverage	Top-N	20	Borda	0.0	0.0	0.0
TCGA-BF-A3DJ	min8_cov70	Min-8 + >=70% coverage	Top-N	50	Borda	0.0	0.0	0.0
TCGA-BF-A3DJ	min8_cov70	Min-8 + >=70% coverage	Top-percentile	1	Borda	0.0	0.0	0.0
TCGA-BF-A3DJ	min8_cov70	Min-8 + >=70% coverage	Top-percentile	5	Borda	0.0	0.0	0.0
TCGA-BF-A3DJ	min8_cov70	Min-8 + >=70% coverage	Top-percentile	10	Borda	0.0	0.0	0.0
TCGA-BF-A3DJ	min8_cov70	Min-8 + >=70% coverage	Top-percentile	20	Borda	0.0	0.0	0.0
TCGA-BF-A3DJ	min8_cov80	Min-8 + >=80% coverage	Top-N	10	Borda	0.0	0.0	0.0
TCGA-BF-A3DJ	min8_cov80	Min-8 + >=80% coverage	Top-N	20	Borda	0.0	0.0	0.0
TCGA-BF-A3DJ	min8_cov80	Min-8 + >=80% coverage	Top-N	50	Borda	0.0	0.0	0.0
TCGA-BF-A3DJ	min8_cov80	Min-8 + >=80% coverage	Top-percentile	1	Borda	0.0	0.0	0.0
TCGA-BF-A3DJ	min8_cov80	Min-8 + >=80% coverage	Top-percentile	5	Borda	0.0	0.0	0.0
TCGA-BF-A3DJ	min8_cov80	Min-8 + >=80% coverage	Top-percentile	10	Borda	0.0	0.0	0.0
TCGA-BF-A3DJ	min8_cov80	Min-8 + >=80% coverage	Top-percentile	20	Borda	0.0	0.0	0.0
TCGA-BF-A3DL	min8	Min-8 containment	Top-N	10	Borda	0.2	0.1	0.1
TCGA-BF-A3DL	min8	Min-8 containment	Top-N	20	Borda	0.25	0.2	0.04999999999999999
TCGA-BF-A3DL	min8	Min-8 containment	Top-N	50	Borda	0.21739130434782608	0.21739130434782608	0.0
TCGA-BF-A3DL	min8	Min-8 containment	Top-percentile	1	Borda	0.0	0.0	0.0
TCGA-BF-A3DL	min8	Min-8 containment	Top-percentile	5	Borda	0.0	0.0	0.0
TCGA-BF-A3DL	min8	Min-8 containment	Top-percentile	10	Borda	0.0	0.0	0.0
TCGA-BF-A3DL	min8	Min-8 containment	Top-percentile	20	Borda	0.2	0.1	0.1
TCGA-BF-A3DL	min8_cov50	Min-8 + >=50% coverage	Top-N	10	Borda	0.1	0.1	0.0
TCGA-BF-A3DL	min8_cov50	Min-8 + >=50% coverage	Top-N	20	Borda	0.15	0.05	0.09999999999999999
TCGA-BF-A3DL	min8_cov50	Min-8 + >=50% coverage	Top-N	50	Borda	0.10869565217391304	0.10869565217391304	0.0
TCGA-BF-A3DL	min8_cov50	Min-8 + >=50% coverage	Top-percentile	1	Borda	0.0	0.0	0.0
TCGA-BF-A3DL	min8_cov50	Min-8 + >=50% coverage	Top-percentile	5	Borda	0.0	0.0	0.0
TCGA-BF-A3DL	min8_cov50	Min-8 + >=50% coverage	Top-percentile	10	Borda	0.0	0.0	0.0
TCGA-BF-A3DL	min8_cov50	Min-8 + >=50% coverage	Top-percentile	20	Borda	0.1	0.1	0.0
TCGA-BF-A3DL	min8_cov70	Min-8 + >=70% coverage	Top-N	10	Borda	0.0	0.0	0.0
TCGA-BF-A3DL	min8_cov70	Min-8 + >=70% coverage	Top-N	20	Borda	0.05	0.0	0.05
TCGA-BF-A3DL	min8_cov70	Min-8 + >=70% coverage	Top-N	50	Borda	0.021739130434782608	0.021739130434782608	0.0
TCGA-BF-A3DL	min8_cov70	Min-8 + >=70% coverage	Top-percentile	1	Borda	0.0	0.0	0.0
TCGA-BF-A3DL	min8_cov70	Min-8 + >=70% coverage	Top-percentile	5	Borda	0.0	0.0	0.0
TCGA-BF-A3DL	min8_cov70	Min-8 + >=70% coverage	Top-percentile	10	Borda	0.0	0.0	0.0
TCGA-BF-A3DL	min8_cov70	Min-8 + >=70% coverage	Top-percentile	20	Borda	0.0	0.0	0.0
TCGA-BF-A3DL	min8_cov80	Min-8 + >=80% coverage	Top-N	10	Borda	0.0	0.0	0.0
TCGA-BF-A3DL	min8_cov80	Min-8 + >=80% coverage	Top-N	20	Borda	0.0	0.0	0.0
TCGA-BF-A3DL	min8_cov80	Min-8 + >=80% coverage	Top-N	50	Borda	0.0	0.0	0.0
TCGA-BF-A3DL	min8_cov80	Min-8 + >=80% coverage	Top-percentile	1	Borda	0.0	0.0	0.0
TCGA-BF-A3DL	min8_cov80	Min-8 + >=80% coverage	Top-percentile	5	Borda	0.0	0.0	0.0
TCGA-BF-A3DL	min8_cov80	Min-8 + >=80% coverage	Top-percentile	10	Borda	0.0	0.0	0.0
TCGA-BF-A3DL	min8_cov80	Min-8 + >=80% coverage	Top-percentile	20	Borda	0.0	0.0	0.0
TCGA-BF-A3DM	min8	Min-8 containment	Top-N	10	Borda	0.3	0.4	-0.10000000000000003
TCGA-BF-A3DM	min8	Min-8 containment	Top-N	20	Borda	0.3	0.2	0.09999999999999998
TCGA-BF-A3DM	min8	Min-8 containment	Top-N	50	Borda	0.2	0.22	-0.01999999999999999
TCGA-BF-A3DM	min8	Min-8 containment	Top-percentile	1	Borda	0.0	1.0	-1.0
TCGA-BF-A3DM	min8	Min-8 containment	Top-percentile	5	Borda	0.4	0.6	-0.19999999999999996
TCGA-BF-A3DM	min8	Min-8 containment	Top-percentile	10	Borda	0.3	0.4	-0.10000000000000003
TCGA-BF-A3DM	min8	Min-8 containment	Top-percentile	20	Borda	0.2631578947368421	0.21052631578947367	0.05263157894736842
TCGA-BF-A3DM	min8_cov50	Min-8 + >=50% coverage	Top-N	10	Borda	0.1	0.2	-0.1
TCGA-BF-A3DM	min8_cov50	Min-8 + >=50% coverage	Top-N	20	Borda	0.15	0.1	0.04999999999999999
TCGA-BF-A3DM	min8_cov50	Min-8 + >=50% coverage	Top-N	50	Borda	0.08	0.06	0.020000000000000004
TCGA-BF-A3DM	min8_cov50	Min-8 + >=50% coverage	Top-percentile	1	Borda	0.0	1.0	-1.0
TCGA-BF-A3DM	min8_cov50	Min-8 + >=50% coverage	Top-percentile	5	Borda	0.0	0.4	-0.4
TCGA-BF-A3DM	min8_cov50	Min-8 + >=50% coverage	Top-percentile	10	Borda	0.1	0.2	-0.1
TCGA-BF-A3DM	min8_cov50	Min-8 + >=50% coverage	Top-percentile	20	Borda	0.10526315789473684	0.10526315789473684	0.0
TCGA-BF-A3DM	min8_cov70	Min-8 + >=70% coverage	Top-N	10	Borda	0.0	0.0	0.0
TCGA-BF-A3DM	min8_cov70	Min-8 + >=70% coverage	Top-N	20	Borda	0.0	0.0	0.0
TCGA-BF-A3DM	min8_cov70	Min-8 + >=70% coverage	Top-N	50	Borda	0.0	0.0	0.0
TCGA-BF-A3DM	min8_cov70	Min-8 + >=70% coverage	Top-percentile	1	Borda	0.0	0.0	0.0
TCGA-BF-A3DM	min8_cov70	Min-8 + >=70% coverage	Top-percentile	5	Borda	0.0	0.0	0.0
TCGA-BF-A3DM	min8_cov70	Min-8 + >=70% coverage	Top-percentile	10	Borda	0.0	0.0	0.0
TCGA-BF-A3DM	min8_cov70	Min-8 + >=70% coverage	Top-percentile	20	Borda	0.0	0.0	0.0
TCGA-BF-A3DM	min8_cov80	Min-8 + >=80% coverage	Top-N	10	Borda	0.0	0.0	0.0
TCGA-BF-A3DM	min8_cov80	Min-8 + >=80% coverage	Top-N	20	Borda	0.0	0.0	0.0
TCGA-BF-A3DM	min8_cov80	Min-8 + >=80% coverage	Top-N	50	Borda	0.0	0.0	0.0
TCGA-BF-A3DM	min8_cov80	Min-8 + >=80% coverage	Top-percentile	1	Borda	0.0	0.0	0.0
TCGA-BF-A3DM	min8_cov80	Min-8 + >=80% coverage	Top-percentile	5	Borda	0.0	0.0	0.0
TCGA-BF-A3DM	min8_cov80	Min-8 + >=80% coverage	Top-percentile	10	Borda	0.0	0.0	0.0
TCGA-BF-A3DM	min8_cov80	Min-8 + >=80% coverage	Top-percentile	20	Borda	0.0	0.0	0.0
TCGA-BF-A3DN	min8	Min-8 containment	Top-N	10	Borda	0.2	0.3	-0.09999999999999998
TCGA-BF-A3DN	min8	Min-8 containment	Top-N	20	Borda	0.3	0.25	0.04999999999999999
TCGA-BF-A3DN	min8	Min-8 containment	Top-N	50	Borda	0.2608695652173913	0.2608695652173913	0.0
TCGA-BF-A3DN	min8	Min-8 containment	Top-percentile	1	Borda	1.0	0.0	1.0
TCGA-BF-A3DN	min8	Min-8 containment	Top-percentile	5	Borda	0.5	0.0	0.5
TCGA-BF-A3DN	min8	Min-8 containment	Top-percentile	10	Borda	0.3333333333333333	0.3333333333333333	0.0
TCGA-BF-A3DN	min8	Min-8 containment	Top-percentile	20	Borda	0.2	0.2	0.0
TCGA-BF-A3DN	min8_cov50	Min-8 + >=50% coverage	Top-N	10	Borda	0.1	0.1	0.0
TCGA-BF-A3DN	min8_cov50	Min-8 + >=50% coverage	Top-N	20	Borda	0.05	0.05	0.0
TCGA-BF-A3DN	min8_cov50	Min-8 + >=50% coverage	Top-N	50	Borda	0.043478260869565216	0.043478260869565216	0.0
TCGA-BF-A3DN	min8_cov50	Min-8 + >=50% coverage	Top-percentile	1	Borda	1.0	0.0	1.0
TCGA-BF-A3DN	min8_cov50	Min-8 + >=50% coverage	Top-percentile	5	Borda	0.5	0.0	0.5
TCGA-BF-A3DN	min8_cov50	Min-8 + >=50% coverage	Top-percentile	10	Borda	0.3333333333333333	0.0	0.3333333333333333
TCGA-BF-A3DN	min8_cov50	Min-8 + >=50% coverage	Top-percentile	20	Borda	0.2	0.0	0.2
TCGA-BF-A3DN	min8_cov70	Min-8 + >=70% coverage	Top-N	10	Borda	0.0	0.0	0.0
TCGA-BF-A3DN	min8_cov70	Min-8 + >=70% coverage	Top-N	20	Borda	0.0	0.0	0.0
TCGA-BF-A3DN	min8_cov70	Min-8 + >=70% coverage	Top-N	50	Borda	0.0	0.0	0.0
TCGA-BF-A3DN	min8_cov70	Min-8 + >=70% coverage	Top-percentile	1	Borda	0.0	0.0	0.0
TCGA-BF-A3DN	min8_cov70	Min-8 + >=70% coverage	Top-percentile	5	Borda	0.0	0.0	0.0
TCGA-BF-A3DN	min8_cov70	Min-8 + >=70% coverage	Top-percentile	10	Borda	0.0	0.0	0.0
TCGA-BF-A3DN	min8_cov70	Min-8 + >=70% coverage	Top-percentile	20	Borda	0.0	0.0	0.0
TCGA-BF-A3DN	min8_cov80	Min-8 + >=80% coverage	Top-N	10	Borda	0.0	0.0	0.0
TCGA-BF-A3DN	min8_cov80	Min-8 + >=80% coverage	Top-N	20	Borda	0.0	0.0	0.0
TCGA-BF-A3DN	min8_cov80	Min-8 + >=80% coverage	Top-N	50	Borda	0.0	0.0	0.0
TCGA-BF-A3DN	min8_cov80	Min-8 + >=80% coverage	Top-percentile	1	Borda	0.0	0.0	0.0
TCGA-BF-A3DN	min8_cov80	Min-8 + >=80% coverage	Top-percentile	5	Borda	0.0	0.0	0.0
TCGA-BF-A3DN	min8_cov80	Min-8 + >=80% coverage	Top-percentile	10	Borda	0.0	0.0	0.0
TCGA-BF-A3DN	min8_cov80	Min-8 + >=80% coverage	Top-percentile	20	Borda	0.0	0.0	0.0
TCGA-BF-A5EO	min8	Min-8 containment	Top-N	10	Borda	0.5	0.5	0.0
TCGA-BF-A5EO	min8	Min-8 containment	Top-N	20	Borda	0.35	0.4	-0.050000000000000044
TCGA-BF-A5EO	min8	Min-8 containment	Top-N	50	Borda	0.32	0.34	-0.020000000000000018
TCGA-BF-A5EO	min8	Min-8 containment	Top-percentile	1	Borda	0.5	0.5	0.0
TCGA-BF-A5EO	min8	Min-8 containment	Top-percentile	5	Borda	0.6666666666666666	0.6666666666666666	0.0
TCGA-BF-A5EO	min8	Min-8 containment	Top-percentile	10	Borda	0.4166666666666667	0.5	-0.08333333333333331
TCGA-BF-A5EO	min8	Min-8 containment	Top-percentile	20	Borda	0.3333333333333333	0.4166666666666667	-0.08333333333333337
TCGA-BF-A5EO	min8_cov50	Min-8 + >=50% coverage	Top-N	10	Borda	0.1	0.0	0.1
TCGA-BF-A5EO	min8_cov50	Min-8 + >=50% coverage	Top-N	20	Borda	0.05	0.05	0.0
TCGA-BF-A5EO	min8_cov50	Min-8 + >=50% coverage	Top-N	50	Borda	0.12	0.08	0.039999999999999994
TCGA-BF-A5EO	min8_cov50	Min-8 + >=50% coverage	Top-percentile	1	Borda	0.0	0.0	0.0
TCGA-BF-A5EO	min8_cov50	Min-8 + >=50% coverage	Top-percentile	5	Borda	0.16666666666666666	0.0	0.16666666666666666
TCGA-BF-A5EO	min8_cov50	Min-8 + >=50% coverage	Top-percentile	10	Borda	0.08333333333333333	0.0	0.08333333333333333
TCGA-BF-A5EO	min8_cov50	Min-8 + >=50% coverage	Top-percentile	20	Borda	0.041666666666666664	0.08333333333333333	-0.041666666666666664
TCGA-BF-A5EO	min8_cov70	Min-8 + >=70% coverage	Top-N	10	Borda	0.1	0.0	0.1
TCGA-BF-A5EO	min8_cov70	Min-8 + >=70% coverage	Top-N	20	Borda	0.05	0.05	0.0
TCGA-BF-A5EO	min8_cov70	Min-8 + >=70% coverage	Top-N	50	Borda	0.04	0.04	0.0
TCGA-BF-A5EO	min8_cov70	Min-8 + >=70% coverage	Top-percentile	1	Borda	0.0	0.0	0.0
TCGA-BF-A5EO	min8_cov70	Min-8 + >=70% coverage	Top-percentile	5	Borda	0.16666666666666666	0.0	0.16666666666666666
TCGA-BF-A5EO	min8_cov70	Min-8 + >=70% coverage	Top-percentile	10	Borda	0.08333333333333333	0.0	0.08333333333333333
TCGA-BF-A5EO	min8_cov70	Min-8 + >=70% coverage	Top-percentile	20	Borda	0.041666666666666664	0.08333333333333333	-0.041666666666666664
TCGA-BF-A5EO	min8_cov80	Min-8 + >=80% coverage	Top-N	10	Borda	0.0	0.0	0.0
TCGA-BF-A5EO	min8_cov80	Min-8 + >=80% coverage	Top-N	20	Borda	0.0	0.0	0.0
TCGA-BF-A5EO	min8_cov80	Min-8 + >=80% coverage	Top-N	50	Borda	0.02	0.02	0.0
TCGA-BF-A5EO	min8_cov80	Min-8 + >=80% coverage	Top-percentile	1	Borda	0.0	0.0	0.0
TCGA-BF-A5EO	min8_cov80	Min-8 + >=80% coverage	Top-percentile	5	Borda	0.0	0.0	0.0
TCGA-BF-A5EO	min8_cov80	Min-8 + >=80% coverage	Top-percentile	10	Borda	0.0	0.0	0.0
TCGA-BF-A5EO	min8_cov80	Min-8 + >=80% coverage	Top-percentile	20	Borda	0.0	0.041666666666666664	-0.041666666666666664
TCGA-BF-A5EP	min8	Min-8 containment	Top-N	10	Borda	0.2	0.1	0.1
TCGA-BF-A5EP	min8	Min-8 containment	Top-N	20	Borda	0.25	0.2	0.04999999999999999
TCGA-BF-A5EP	min8	Min-8 containment	Top-N	50	Borda	0.26	0.26	0.0
TCGA-BF-A5EP	min8	Min-8 containment	Top-percentile	1	Borda	0.0	0.0	0.0
TCGA-BF-A5EP	min8	Min-8 containment	Top-percentile	5	Borda	0.0	0.25	-0.25
TCGA-BF-A5EP	min8	Min-8 containment	Top-percentile	10	Borda	0.0	0.14285714285714285	-0.14285714285714285
TCGA-BF-A5EP	min8	Min-8 containment	Top-percentile	20	Borda	0.15384615384615385	0.15384615384615385	0.0
TCGA-BF-A5EP	min8_cov50	Min-8 + >=50% coverage	Top-N	10	Borda	0.0	0.0	0.0
TCGA-BF-A5EP	min8_cov50	Min-8 + >=50% coverage	Top-N	20	Borda	0.0	0.0	0.0
TCGA-BF-A5EP	min8_cov50	Min-8 + >=50% coverage	Top-N	50	Borda	0.0	0.0	0.0
TCGA-BF-A5EP	min8_cov50	Min-8 + >=50% coverage	Top-percentile	1	Borda	0.0	0.0	0.0
TCGA-BF-A5EP	min8_cov50	Min-8 + >=50% coverage	Top-percentile	5	Borda	0.0	0.0	0.0
TCGA-BF-A5EP	min8_cov50	Min-8 + >=50% coverage	Top-percentile	10	Borda	0.0	0.0	0.0
TCGA-BF-A5EP	min8_cov50	Min-8 + >=50% coverage	Top-percentile	20	Borda	0.0	0.0	0.0
TCGA-BF-A5EP	min8_cov70	Min-8 + >=70% coverage	Top-N	10	Borda	0.0	0.0	0.0
TCGA-BF-A5EP	min8_cov70	Min-8 + >=70% coverage	Top-N	20	Borda	0.0	0.0	0.0
TCGA-BF-A5EP	min8_cov70	Min-8 + >=70% coverage	Top-N	50	Borda	0.0	0.0	0.0
TCGA-BF-A5EP	min8_cov70	Min-8 + >=70% coverage	Top-percentile	1	Borda	0.0	0.0	0.0
TCGA-BF-A5EP	min8_cov70	Min-8 + >=70% coverage	Top-percentile	5	Borda	0.0	0.0	0.0
TCGA-BF-A5EP	min8_cov70	Min-8 + >=70% coverage	Top-percentile	10	Borda	0.0	0.0	0.0
TCGA-BF-A5EP	min8_cov70	Min-8 + >=70% coverage	Top-percentile	20	Borda	0.0	0.0	0.0
TCGA-BF-A5EP	min8_cov80	Min-8 + >=80% coverage	Top-N	10	Borda	0.0	0.0	0.0
TCGA-BF-A5EP	min8_cov80	Min-8 + >=80% coverage	Top-N	20	Borda	0.0	0.0	0.0
TCGA-BF-A5EP	min8_cov80	Min-8 + >=80% coverage	Top-N	50	Borda	0.0	0.0	0.0
TCGA-BF-A5EP	min8_cov80	Min-8 + >=80% coverage	Top-percentile	1	Borda	0.0	0.0	0.0
TCGA-BF-A5EP	min8_cov80	Min-8 + >=80% coverage	Top-percentile	5	Borda	0.0	0.0	0.0
TCGA-BF-A5EP	min8_cov80	Min-8 + >=80% coverage	Top-percentile	10	Borda	0.0	0.0	0.0
TCGA-BF-A5EP	min8_cov80	Min-8 + >=80% coverage	Top-percentile	20	Borda	0.0	0.0	0.0
TCGA-BF-A5EQ	min8	Min-8 containment	Top-N	10	Borda	0.4	0.3	0.10000000000000003
TCGA-BF-A5EQ	min8	Min-8 containment	Top-N	20	Borda	0.3	0.35	-0.04999999999999999
TCGA-BF-A5EQ	min8	Min-8 containment	Top-N	50	Borda	0.32	0.3	0.020000000000000018
TCGA-BF-A5EQ	min8	Min-8 containment	Top-percentile	1	Borda	0.5	0.5	0.0
TCGA-BF-A5EQ	min8	Min-8 containment	Top-percentile	5	Borda	0.4444444444444444	0.3333333333333333	0.1111111111111111
TCGA-BF-A5EQ	min8	Min-8 containment	Top-percentile	10	Borda	0.2777777777777778	0.2777777777777778	0.0
TCGA-BF-A5EQ	min8	Min-8 containment	Top-percentile	20	Borda	0.34285714285714286	0.37142857142857144	-0.02857142857142858
TCGA-BF-A5EQ	min8_cov50	Min-8 + >=50% coverage	Top-N	10	Borda	0.2	0.1	0.1
TCGA-BF-A5EQ	min8_cov50	Min-8 + >=50% coverage	Top-N	20	Borda	0.15	0.2	-0.05000000000000002
TCGA-BF-A5EQ	min8_cov50	Min-8 + >=50% coverage	Top-N	50	Borda	0.16	0.14	0.01999999999999999
TCGA-BF-A5EQ	min8_cov50	Min-8 + >=50% coverage	Top-percentile	1	Borda	0.5	0.0	0.5
TCGA-BF-A5EQ	min8_cov50	Min-8 + >=50% coverage	Top-percentile	5	Borda	0.2222222222222222	0.1111111111111111	0.1111111111111111
TCGA-BF-A5EQ	min8_cov50	Min-8 + >=50% coverage	Top-percentile	10	Borda	0.16666666666666666	0.1111111111111111	0.05555555555555555
TCGA-BF-A5EQ	min8_cov50	Min-8 + >=50% coverage	Top-percentile	20	Borda	0.2	0.17142857142857143	0.02857142857142858
TCGA-BF-A5EQ	min8_cov70	Min-8 + >=70% coverage	Top-N	10	Borda	0.1	0.1	0.0
TCGA-BF-A5EQ	min8_cov70	Min-8 + >=70% coverage	Top-N	20	Borda	0.05	0.05	0.0
TCGA-BF-A5EQ	min8_cov70	Min-8 + >=70% coverage	Top-N	50	Borda	0.02	0.02	0.0
TCGA-BF-A5EQ	min8_cov70	Min-8 + >=70% coverage	Top-percentile	1	Borda	0.0	0.0	0.0
TCGA-BF-A5EQ	min8_cov70	Min-8 + >=70% coverage	Top-percentile	5	Borda	0.1111111111111111	0.1111111111111111	0.0
TCGA-BF-A5EQ	min8_cov70	Min-8 + >=70% coverage	Top-percentile	10	Borda	0.05555555555555555	0.05555555555555555	0.0
TCGA-BF-A5EQ	min8_cov70	Min-8 + >=70% coverage	Top-percentile	20	Borda	0.02857142857142857	0.02857142857142857	0.0
TCGA-BF-A5EQ	min8_cov80	Min-8 + >=80% coverage	Top-N	10	Borda	0.0	0.0	0.0
TCGA-BF-A5EQ	min8_cov80	Min-8 + >=80% coverage	Top-N	20	Borda	0.0	0.0	0.0
TCGA-BF-A5EQ	min8_cov80	Min-8 + >=80% coverage	Top-N	50	Borda	0.0	0.0	0.0
TCGA-BF-A5EQ	min8_cov80	Min-8 + >=80% coverage	Top-percentile	1	Borda	0.0	0.0	0.0
TCGA-BF-A5EQ	min8_cov80	Min-8 + >=80% coverage	Top-percentile	5	Borda	0.0	0.0	0.0
TCGA-BF-A5EQ	min8_cov80	Min-8 + >=80% coverage	Top-percentile	10	Borda	0.0	0.0	0.0
TCGA-BF-A5EQ	min8_cov80	Min-8 + >=80% coverage	Top-percentile	20	Borda	0.0	0.0	0.0
TCGA-BF-A5ER	min8	Min-8 containment	Top-N	10	Borda	0.1	0.3	-0.19999999999999998
TCGA-BF-A5ER	min8	Min-8 containment	Top-N	20	Borda	0.15	0.3	-0.15
TCGA-BF-A5ER	min8	Min-8 containment	Top-N	50	Borda	0.23529411764705882	0.23529411764705882	0.0
TCGA-BF-A5ER	min8	Min-8 containment	Top-percentile	1	Borda	0.0	1.0	-1.0
TCGA-BF-A5ER	min8	Min-8 containment	Top-percentile	5	Borda	0.0	0.5	-0.5
TCGA-BF-A5ER	min8	Min-8 containment	Top-percentile	10	Borda	0.0	0.25	-0.25
TCGA-BF-A5ER	min8	Min-8 containment	Top-percentile	20	Borda	0.14285714285714285	0.2857142857142857	-0.14285714285714285
TCGA-BF-A5ER	min8_cov50	Min-8 + >=50% coverage	Top-N	10	Borda	0.1	0.2	-0.1
TCGA-BF-A5ER	min8_cov50	Min-8 + >=50% coverage	Top-N	20	Borda	0.1	0.15	-0.04999999999999999
TCGA-BF-A5ER	min8_cov50	Min-8 + >=50% coverage	Top-N	50	Borda	0.08823529411764706	0.08823529411764706	0.0
TCGA-BF-A5ER	min8_cov50	Min-8 + >=50% coverage	Top-percentile	1	Borda	0.0	1.0	-1.0
TCGA-BF-A5ER	min8_cov50	Min-8 + >=50% coverage	Top-percentile	5	Borda	0.0	0.5	-0.5
TCGA-BF-A5ER	min8_cov50	Min-8 + >=50% coverage	Top-percentile	10	Borda	0.0	0.25	-0.25
TCGA-BF-A5ER	min8_cov50	Min-8 + >=50% coverage	Top-percentile	20	Borda	0.14285714285714285	0.2857142857142857	-0.14285714285714285
TCGA-BF-A5ER	min8_cov70	Min-8 + >=70% coverage	Top-N	10	Borda	0.0	0.0	0.0
TCGA-BF-A5ER	min8_cov70	Min-8 + >=70% coverage	Top-N	20	Borda	0.0	0.0	0.0
TCGA-BF-A5ER	min8_cov70	Min-8 + >=70% coverage	Top-N	50	Borda	0.0	0.0	0.0
TCGA-BF-A5ER	min8_cov70	Min-8 + >=70% coverage	Top-percentile	1	Borda	0.0	0.0	0.0
TCGA-BF-A5ER	min8_cov70	Min-8 + >=70% coverage	Top-percentile	5	Borda	0.0	0.0	0.0
TCGA-BF-A5ER	min8_cov70	Min-8 + >=70% coverage	Top-percentile	10	Borda	0.0	0.0	0.0
TCGA-BF-A5ER	min8_cov70	Min-8 + >=70% coverage	Top-percentile	20	Borda	0.0	0.0	0.0
TCGA-BF-A5ER	min8_cov80	Min-8 + >=80% coverage	Top-N	10	Borda	0.0	0.0	0.0
TCGA-BF-A5ER	min8_cov80	Min-8 + >=80% coverage	Top-N	20	Borda	0.0	0.0	0.0
TCGA-BF-A5ER	min8_cov80	Min-8 + >=80% coverage	Top-N	50	Borda	0.0	0.0	0.0
TCGA-BF-A5ER	min8_cov80	Min-8 + >=80% coverage	Top-percentile	1	Borda	0.0	0.0	0.0
TCGA-BF-A5ER	min8_cov80	Min-8 + >=80% coverage	Top-percentile	5	Borda	0.0	0.0	0.0
TCGA-BF-A5ER	min8_cov80	Min-8 + >=80% coverage	Top-percentile	10	Borda	0.0	0.0	0.0
TCGA-BF-A5ER	min8_cov80	Min-8 + >=80% coverage	Top-percentile	20	Borda	0.0	0.0	0.0
TCGA-BF-A5ES	min8	Min-8 containment	Top-N	10	Borda	0.2	0.2	0.0
TCGA-BF-A5ES	min8	Min-8 containment	Top-N	20	Borda	0.15	0.25	-0.1
TCGA-BF-A5ES	min8	Min-8 containment	Top-N	50	Borda	0.3	0.22	0.07999999999999999
TCGA-BF-A5ES	min8	Min-8 containment	Top-percentile	1	Borda	0.5	0.5	0.0
TCGA-BF-A5ES	min8	Min-8 containment	Top-percentile	5	Borda	0.16666666666666666	0.3333333333333333	-0.16666666666666666
TCGA-BF-A5ES	min8	Min-8 containment	Top-percentile	10	Borda	0.16666666666666666	0.16666666666666666	0.0
TCGA-BF-A5ES	min8	Min-8 containment	Top-percentile	20	Borda	0.20833333333333334	0.20833333333333334	0.0
TCGA-BF-A5ES	min8_cov50	Min-8 + >=50% coverage	Top-N	10	Borda	0.2	0.1	0.1
TCGA-BF-A5ES	min8_cov50	Min-8 + >=50% coverage	Top-N	20	Borda	0.15	0.1	0.04999999999999999
TCGA-BF-A5ES	min8_cov50	Min-8 + >=50% coverage	Top-N	50	Borda	0.12	0.08	0.039999999999999994
TCGA-BF-A5ES	min8_cov50	Min-8 + >=50% coverage	Top-percentile	1	Borda	0.5	0.0	0.5
TCGA-BF-A5ES	min8_cov50	Min-8 + >=50% coverage	Top-percentile	5	Borda	0.16666666666666666	0.16666666666666666	0.0
TCGA-BF-A5ES	min8_cov50	Min-8 + >=50% coverage	Top-percentile	10	Borda	0.16666666666666666	0.08333333333333333	0.08333333333333333
TCGA-BF-A5ES	min8_cov50	Min-8 + >=50% coverage	Top-percentile	20	Borda	0.16666666666666666	0.08333333333333333	0.08333333333333333
TCGA-BF-A5ES	min8_cov70	Min-8 + >=70% coverage	Top-N	10	Borda	0.0	0.0	0.0
TCGA-BF-A5ES	min8_cov70	Min-8 + >=70% coverage	Top-N	20	Borda	0.0	0.0	0.0
TCGA-BF-A5ES	min8_cov70	Min-8 + >=70% coverage	Top-N	50	Borda	0.0	0.0	0.0
TCGA-BF-A5ES	min8_cov70	Min-8 + >=70% coverage	Top-percentile	1	Borda	0.0	0.0	0.0
TCGA-BF-A5ES	min8_cov70	Min-8 + >=70% coverage	Top-percentile	5	Borda	0.0	0.0	0.0
TCGA-BF-A5ES	min8_cov70	Min-8 + >=70% coverage	Top-percentile	10	Borda	0.0	0.0	0.0
TCGA-BF-A5ES	min8_cov70	Min-8 + >=70% coverage	Top-percentile	20	Borda	0.0	0.0	0.0
TCGA-BF-A5ES	min8_cov80	Min-8 + >=80% coverage	Top-N	10	Borda	0.0	0.0	0.0
TCGA-BF-A5ES	min8_cov80	Min-8 + >=80% coverage	Top-N	20	Borda	0.0	0.0	0.0
TCGA-BF-A5ES	min8_cov80	Min-8 + >=80% coverage	Top-N	50	Borda	0.0	0.0	0.0
TCGA-BF-A5ES	min8_cov80	Min-8 + >=80% coverage	Top-percentile	1	Borda	0.0	0.0	0.0
TCGA-BF-A5ES	min8_cov80	Min-8 + >=80% coverage	Top-percentile	5	Borda	0.0	0.0	0.0
TCGA-BF-A5ES	min8_cov80	Min-8 + >=80% coverage	Top-percentile	10	Borda	0.0	0.0	0.0
TCGA-BF-A5ES	min8_cov80	Min-8 + >=80% coverage	Top-percentile	20	Borda	0.0	0.0	0.0
TCGA-BF-AAOU	min8	Min-8 containment	Top-N	10	Borda	0.4	0.2	0.2
TCGA-BF-AAOU	min8	Min-8 containment	Top-N	20	Borda	0.4	0.2	0.2
TCGA-BF-AAOU	min8	Min-8 containment	Top-N	50	Borda	0.22	0.22	0.0
TCGA-BF-AAOU	min8	Min-8 containment	Top-percentile	1	Borda	1.0	0.0	1.0
TCGA-BF-AAOU	min8	Min-8 containment	Top-percentile	5	Borda	0.3333333333333333	0.3333333333333333	0.0
TCGA-BF-AAOU	min8	Min-8 containment	Top-percentile	10	Borda	0.2	0.4	-0.2
TCGA-BF-AAOU	min8	Min-8 containment	Top-percentile	20	Borda	0.4	0.2	0.2
TCGA-BF-AAOU	min8_cov50	Min-8 + >=50% coverage	Top-N	10	Borda	0.1	0.0	0.1
TCGA-BF-AAOU	min8_cov50	Min-8 + >=50% coverage	Top-N	20	Borda	0.15	0.05	0.09999999999999999
TCGA-BF-AAOU	min8_cov50	Min-8 + >=50% coverage	Top-N	50	Borda	0.06	0.06	0.0
TCGA-BF-AAOU	min8_cov50	Min-8 + >=50% coverage	Top-percentile	1	Borda	0.0	0.0	0.0
TCGA-BF-AAOU	min8_cov50	Min-8 + >=50% coverage	Top-percentile	5	Borda	0.0	0.0	0.0
TCGA-BF-AAOU	min8_cov50	Min-8 + >=50% coverage	Top-percentile	10	Borda	0.0	0.0	0.0
TCGA-BF-AAOU	min8_cov50	Min-8 + >=50% coverage	Top-percentile	20	Borda	0.1	0.0	0.1
TCGA-BF-AAOU	min8_cov70	Min-8 + >=70% coverage	Top-N	10	Borda	0.1	0.0	0.1
TCGA-BF-AAOU	min8_cov70	Min-8 + >=70% coverage	Top-N	20	Borda	0.1	0.0	0.1
TCGA-BF-AAOU	min8_cov70	Min-8 + >=70% coverage	Top-N	50	Borda	0.04	0.04	0.0
TCGA-BF-AAOU	min8_cov70	Min-8 + >=70% coverage	Top-percentile	1	Borda	0.0	0.0	0.0
TCGA-BF-AAOU	min8_cov70	Min-8 + >=70% coverage	Top-percentile	5	Borda	0.0	0.0	0.0
TCGA-BF-AAOU	min8_cov70	Min-8 + >=70% coverage	Top-percentile	10	Borda	0.0	0.0	0.0
TCGA-BF-AAOU	min8_cov70	Min-8 + >=70% coverage	Top-percentile	20	Borda	0.1	0.0	0.1
TCGA-BF-AAOU	min8_cov80	Min-8 + >=80% coverage	Top-N	10	Borda	0.0	0.0	0.0
TCGA-BF-AAOU	min8_cov80	Min-8 + >=80% coverage	Top-N	20	Borda	0.0	0.0	0.0
TCGA-BF-AAOU	min8_cov80	Min-8 + >=80% coverage	Top-N	50	Borda	0.0	0.0	0.0
TCGA-BF-AAOU	min8_cov80	Min-8 + >=80% coverage	Top-percentile	1	Borda	0.0	0.0	0.0
TCGA-BF-AAOU	min8_cov80	Min-8 + >=80% coverage	Top-percentile	5	Borda	0.0	0.0	0.0
TCGA-BF-AAOU	min8_cov80	Min-8 + >=80% coverage	Top-percentile	10	Borda	0.0	0.0	0.0
TCGA-BF-AAOU	min8_cov80	Min-8 + >=80% coverage	Top-percentile	20	Borda	0.0	0.0	0.0
TCGA-BF-AAOX	min8	Min-8 containment	Top-N	10	Borda	0.5	0.1	0.4
TCGA-BF-AAOX	min8	Min-8 containment	Top-N	20	Borda	0.3	0.2	0.09999999999999998
TCGA-BF-AAOX	min8	Min-8 containment	Top-N	50	Borda	0.18	0.24	-0.06
TCGA-BF-AAOX	min8	Min-8 containment	Top-percentile	1	Borda	0.0	0.0	0.0
TCGA-BF-AAOX	min8	Min-8 containment	Top-percentile	5	Borda	0.4444444444444444	0.1111111111111111	0.3333333333333333
TCGA-BF-AAOX	min8	Min-8 containment	Top-percentile	10	Borda	0.35294117647058826	0.23529411764705882	0.11764705882352944
TCGA-BF-AAOX	min8	Min-8 containment	Top-percentile	20	Borda	0.17647058823529413	0.2647058823529412	-0.08823529411764705
TCGA-BF-AAOX	min8_cov50	Min-8 + >=50% coverage	Top-N	10	Borda	0.1	0.1	0.0
TCGA-BF-AAOX	min8_cov50	Min-8 + >=50% coverage	Top-N	20	Borda	0.05	0.1	-0.05
TCGA-BF-AAOX	min8_cov50	Min-8 + >=50% coverage	Top-N	50	Borda	0.02	0.08	-0.06
TCGA-BF-AAOX	min8_cov50	Min-8 + >=50% coverage	Top-percentile	1	Borda	0.0	0.0	0.0
TCGA-BF-AAOX	min8_cov50	Min-8 + >=50% coverage	Top-percentile	5	Borda	0.1111111111111111	0.1111111111111111	0.0
TCGA-BF-AAOX	min8_cov50	Min-8 + >=50% coverage	Top-percentile	10	Borda	0.058823529411764705	0.11764705882352941	-0.058823529411764705
TCGA-BF-AAOX	min8_cov50	Min-8 + >=50% coverage	Top-percentile	20	Borda	0.029411764705882353	0.11764705882352941	-0.08823529411764705
TCGA-BF-AAOX	min8_cov70	Min-8 + >=70% coverage	Top-N	10	Borda	0.0	0.0	0.0
TCGA-BF-AAOX	min8_cov70	Min-8 + >=70% coverage	Top-N	20	Borda	0.0	0.0	0.0
TCGA-BF-AAOX	min8_cov70	Min-8 + >=70% coverage	Top-N	50	Borda	0.0	0.0	0.0
TCGA-BF-AAOX	min8_cov70	Min-8 + >=70% coverage	Top-percentile	1	Borda	0.0	0.0	0.0
TCGA-BF-AAOX	min8_cov70	Min-8 + >=70% coverage	Top-percentile	5	Borda	0.0	0.0	0.0
TCGA-BF-AAOX	min8_cov70	Min-8 + >=70% coverage	Top-percentile	10	Borda	0.0	0.0	0.0
TCGA-BF-AAOX	min8_cov70	Min-8 + >=70% coverage	Top-percentile	20	Borda	0.0	0.0	0.0
TCGA-BF-AAOX	min8_cov80	Min-8 + >=80% coverage	Top-N	10	Borda	0.0	0.0	0.0
TCGA-BF-AAOX	min8_cov80	Min-8 + >=80% coverage	Top-N	20	Borda	0.0	0.0	0.0
TCGA-BF-AAOX	min8_cov80	Min-8 + >=80% coverage	Top-N	50	Borda	0.0	0.0	0.0
TCGA-BF-AAOX	min8_cov80	Min-8 + >=80% coverage	Top-percentile	1	Borda	0.0	0.0	0.0
TCGA-BF-AAOX	min8_cov80	Min-8 + >=80% coverage	Top-percentile	5	Borda	0.0	0.0	0.0
TCGA-BF-AAOX	min8_cov80	Min-8 + >=80% coverage	Top-percentile	10	Borda	0.0	0.0	0.0
TCGA-BF-AAOX	min8_cov80	Min-8 + >=80% coverage	Top-percentile	20	Borda	0.0	0.0	0.0
TCGA-BF-AAP1	min8	Min-8 containment	Top-N	10	Borda	0.5	0.3	0.2
TCGA-BF-AAP1	min8	Min-8 containment	Top-N	20	Borda	0.3	0.25	0.04999999999999999
TCGA-BF-AAP1	min8	Min-8 containment	Top-N	50	Borda	0.3	0.18	0.12
TCGA-BF-AAP1	min8	Min-8 containment	Top-percentile	1	Borda	0.5	0.0	0.5
TCGA-BF-AAP1	min8	Min-8 containment	Top-percentile	5	Borda	0.4444444444444444	0.3333333333333333	0.1111111111111111
TCGA-BF-AAP1	min8	Min-8 containment	Top-percentile	10	Borda	0.35294117647058826	0.29411764705882354	0.05882352941176472
TCGA-BF-AAP1	min8	Min-8 containment	Top-percentile	20	Borda	0.2727272727272727	0.18181818181818182	0.09090909090909088
TCGA-BF-AAP1	min8_cov50	Min-8 + >=50% coverage	Top-N	10	Borda	0.3	0.2	0.09999999999999998
TCGA-BF-AAP1	min8_cov50	Min-8 + >=50% coverage	Top-N	20	Borda	0.15	0.1	0.04999999999999999
TCGA-BF-AAP1	min8_cov50	Min-8 + >=50% coverage	Top-N	50	Borda	0.1	0.04	0.060000000000000005
TCGA-BF-AAP1	min8_cov50	Min-8 + >=50% coverage	Top-percentile	1	Borda	0.0	0.0	0.0
TCGA-BF-AAP1	min8_cov50	Min-8 + >=50% coverage	Top-percentile	5	Borda	0.2222222222222222	0.2222222222222222	0.0
TCGA-BF-AAP1	min8_cov50	Min-8 + >=50% coverage	Top-percentile	10	Borda	0.17647058823529413	0.11764705882352941	0.05882352941176472
TCGA-BF-AAP1	min8_cov50	Min-8 + >=50% coverage	Top-percentile	20	Borda	0.12121212121212122	0.06060606060606061	0.06060606060606061
TCGA-BF-AAP1	min8_cov70	Min-8 + >=70% coverage	Top-N	10	Borda	0.2	0.0	0.2
TCGA-BF-AAP1	min8_cov70	Min-8 + >=70% coverage	Top-N	20	Borda	0.1	0.0	0.1
TCGA-BF-AAP1	min8_cov70	Min-8 + >=70% coverage	Top-N	50	Borda	0.06	0.0	0.06
TCGA-BF-AAP1	min8_cov70	Min-8 + >=70% coverage	Top-percentile	1	Borda	0.0	0.0	0.0
TCGA-BF-AAP1	min8_cov70	Min-8 + >=70% coverage	Top-percentile	5	Borda	0.2222222222222222	0.0	0.2222222222222222
TCGA-BF-AAP1	min8_cov70	Min-8 + >=70% coverage	Top-percentile	10	Borda	0.11764705882352941	0.0	0.11764705882352941
TCGA-BF-AAP1	min8_cov70	Min-8 + >=70% coverage	Top-percentile	20	Borda	0.06060606060606061	0.0	0.06060606060606061
TCGA-BF-AAP1	min8_cov80	Min-8 + >=80% coverage	Top-N	10	Borda	0.0	0.0	0.0
TCGA-BF-AAP1	min8_cov80	Min-8 + >=80% coverage	Top-N	20	Borda	0.0	0.0	0.0
TCGA-BF-AAP1	min8_cov80	Min-8 + >=80% coverage	Top-N	50	Borda	0.0	0.0	0.0
TCGA-BF-AAP1	min8_cov80	Min-8 + >=80% coverage	Top-percentile	1	Borda	0.0	0.0	0.0
TCGA-BF-AAP1	min8_cov80	Min-8 + >=80% coverage	Top-percentile	5	Borda	0.0	0.0	0.0
TCGA-BF-AAP1	min8_cov80	Min-8 + >=80% coverage	Top-percentile	10	Borda	0.0	0.0	0.0
TCGA-BF-AAP1	min8_cov80	Min-8 + >=80% coverage	Top-percentile	20	Borda	0.0	0.0	0.0
TCGA-BF-AAP2	min8	Min-8 containment	Top-N	10	Borda	0.6	0.5	0.09999999999999998
TCGA-BF-AAP2	min8	Min-8 containment	Top-N	20	Borda	0.5	0.45	0.04999999999999999
TCGA-BF-AAP2	min8	Min-8 containment	Top-N	50	Borda	0.32	0.38	-0.06
TCGA-BF-AAP2	min8	Min-8 containment	Top-percentile	1	Borda	0.5	0.5	0.0
TCGA-BF-AAP2	min8	Min-8 containment	Top-percentile	5	Borda	0.6666666666666666	0.5555555555555556	0.11111111111111105
TCGA-BF-AAP2	min8	Min-8 containment	Top-percentile	10	Borda	0.5	0.5	0.0
TCGA-BF-AAP2	min8	Min-8 containment	Top-percentile	20	Borda	0.37142857142857144	0.4	-0.02857142857142858
TCGA-BF-AAP2	min8_cov50	Min-8 + >=50% coverage	Top-N	10	Borda	0.0	0.1	-0.1
TCGA-BF-AAP2	min8_cov50	Min-8 + >=50% coverage	Top-N	20	Borda	0.05	0.05	0.0
TCGA-BF-AAP2	min8_cov50	Min-8 + >=50% coverage	Top-N	50	Borda	0.06	0.1	-0.04000000000000001
TCGA-BF-AAP2	min8_cov50	Min-8 + >=50% coverage	Top-percentile	1	Borda	0.0	0.0	0.0
TCGA-BF-AAP2	min8_cov50	Min-8 + >=50% coverage	Top-percentile	5	Borda	0.0	0.1111111111111111	-0.1111111111111111
TCGA-BF-AAP2	min8_cov50	Min-8 + >=50% coverage	Top-percentile	10	Borda	0.05555555555555555	0.05555555555555555	0.0
TCGA-BF-AAP2	min8_cov50	Min-8 + >=50% coverage	Top-percentile	20	Borda	0.08571428571428572	0.08571428571428572	0.0
TCGA-BF-AAP2	min8_cov70	Min-8 + >=70% coverage	Top-N	10	Borda	0.0	0.0	0.0
TCGA-BF-AAP2	min8_cov70	Min-8 + >=70% coverage	Top-N	20	Borda	0.0	0.0	0.0
TCGA-BF-AAP2	min8_cov70	Min-8 + >=70% coverage	Top-N	50	Borda	0.0	0.0	0.0
TCGA-BF-AAP2	min8_cov70	Min-8 + >=70% coverage	Top-percentile	1	Borda	0.0	0.0	0.0
TCGA-BF-AAP2	min8_cov70	Min-8 + >=70% coverage	Top-percentile	5	Borda	0.0	0.0	0.0
TCGA-BF-AAP2	min8_cov70	Min-8 + >=70% coverage	Top-percentile	10	Borda	0.0	0.0	0.0
TCGA-BF-AAP2	min8_cov70	Min-8 + >=70% coverage	Top-percentile	20	Borda	0.0	0.0	0.0
TCGA-BF-AAP2	min8_cov80	Min-8 + >=80% coverage	Top-N	10	Borda	0.0	0.0	0.0
TCGA-BF-AAP2	min8_cov80	Min-8 + >=80% coverage	Top-N	20	Borda	0.0	0.0	0.0
TCGA-BF-AAP2	min8_cov80	Min-8 + >=80% coverage	Top-N	50	Borda	0.0	0.0	0.0
TCGA-BF-AAP2	min8_cov80	Min-8 + >=80% coverage	Top-percentile	1	Borda	0.0	0.0	0.0
TCGA-BF-AAP2	min8_cov80	Min-8 + >=80% coverage	Top-percentile	5	Borda	0.0	0.0	0.0
TCGA-BF-AAP2	min8_cov80	Min-8 + >=80% coverage	Top-percentile	10	Borda	0.0	0.0	0.0
TCGA-BF-AAP2	min8_cov80	Min-8 + >=80% coverage	Top-percentile	20	Borda	0.0	0.0	0.0
TCGA-BF-AAP4	min8	Min-8 containment	Top-N	10	Borda	0.6	0.2	0.39999999999999997
TCGA-BF-AAP4	min8	Min-8 containment	Top-N	20	Borda	0.4	0.25	0.15000000000000002
TCGA-BF-AAP4	min8	Min-8 containment	Top-N	50	Borda	0.26	0.28	-0.020000000000000018
TCGA-BF-AAP4	min8	Min-8 containment	Top-percentile	1	Borda	1.0	0.0	1.0
TCGA-BF-AAP4	min8	Min-8 containment	Top-percentile	5	Borda	0.25	0.0	0.25
TCGA-BF-AAP4	min8	Min-8 containment	Top-percentile	10	Borda	0.42857142857142855	0.0	0.42857142857142855
TCGA-BF-AAP4	min8	Min-8 containment	Top-percentile	20	Borda	0.46153846153846156	0.15384615384615385	0.3076923076923077
TCGA-BF-AAP4	min8_cov50	Min-8 + >=50% coverage	Top-N	10	Borda	0.1	0.0	0.1
TCGA-BF-AAP4	min8_cov50	Min-8 + >=50% coverage	Top-N	20	Borda	0.15	0.1	0.04999999999999999
TCGA-BF-AAP4	min8_cov50	Min-8 + >=50% coverage	Top-N	50	Borda	0.12	0.12	0.0
TCGA-BF-AAP4	min8_cov50	Min-8 + >=50% coverage	Top-percentile	1	Borda	0.0	0.0	0.0
TCGA-BF-AAP4	min8_cov50	Min-8 + >=50% coverage	Top-percentile	5	Borda	0.0	0.0	0.0
TCGA-BF-AAP4	min8_cov50	Min-8 + >=50% coverage	Top-percentile	10	Borda	0.14285714285714285	0.0	0.14285714285714285
TCGA-BF-AAP4	min8_cov50	Min-8 + >=50% coverage	Top-percentile	20	Borda	0.07692307692307693	0.0	0.07692307692307693
TCGA-BF-AAP4	min8_cov70	Min-8 + >=70% coverage	Top-N	10	Borda	0.0	0.0	0.0
TCGA-BF-AAP4	min8_cov70	Min-8 + >=70% coverage	Top-N	20	Borda	0.1	0.1	0.0
TCGA-BF-AAP4	min8_cov70	Min-8 + >=70% coverage	Top-N	50	Borda	0.08	0.08	0.0
TCGA-BF-AAP4	min8_cov70	Min-8 + >=70% coverage	Top-percentile	1	Borda	0.0	0.0	0.0
TCGA-BF-AAP4	min8_cov70	Min-8 + >=70% coverage	Top-percentile	5	Borda	0.0	0.0	0.0
TCGA-BF-AAP4	min8_cov70	Min-8 + >=70% coverage	Top-percentile	10	Borda	0.0	0.0	0.0
TCGA-BF-AAP4	min8_cov70	Min-8 + >=70% coverage	Top-percentile	20	Borda	0.0	0.0	0.0
TCGA-BF-AAP4	min8_cov80	Min-8 + >=80% coverage	Top-N	10	Borda	0.0	0.0	0.0
TCGA-BF-AAP4	min8_cov80	Min-8 + >=80% coverage	Top-N	20	Borda	0.0	0.1	-0.1
TCGA-BF-AAP4	min8_cov80	Min-8 + >=80% coverage	Top-N	50	Borda	0.04	0.04	0.0
TCGA-BF-AAP4	min8_cov80	Min-8 + >=80% coverage	Top-percentile	1	Borda	0.0	0.0	0.0
TCGA-BF-AAP4	min8_cov80	Min-8 + >=80% coverage	Top-percentile	5	Borda	0.0	0.0	0.0
TCGA-BF-AAP4	min8_cov80	Min-8 + >=80% coverage	Top-percentile	10	Borda	0.0	0.0	0.0
TCGA-BF-AAP4	min8_cov80	Min-8 + >=80% coverage	Top-percentile	20	Borda	0.0	0.0	0.0
TCGA-BF-AAP6	min8	Min-8 containment	Top-N	10	Borda	0.1	0.2	-0.1
TCGA-BF-AAP6	min8	Min-8 containment	Top-N	20	Borda	0.15	0.2	-0.05000000000000002
TCGA-BF-AAP6	min8	Min-8 containment	Top-N	50	Borda	0.1956521739130435	0.1956521739130435	0.0
TCGA-BF-AAP6	min8	Min-8 containment	Top-percentile	1	Borda	0.0	0.0	0.0
TCGA-BF-AAP6	min8	Min-8 containment	Top-percentile	5	Borda	0.3333333333333333	0.0	0.3333333333333333
TCGA-BF-AAP6	min8	Min-8 containment	Top-percentile	10	Borda	0.2	0.2	0.0
TCGA-BF-AAP6	min8	Min-8 containment	Top-percentile	20	Borda	0.1	0.2	-0.1
TCGA-BF-AAP6	min8_cov50	Min-8 + >=50% coverage	Top-N	10	Borda	0.0	0.0	0.0
TCGA-BF-AAP6	min8_cov50	Min-8 + >=50% coverage	Top-N	20	Borda	0.05	0.05	0.0
TCGA-BF-AAP6	min8_cov50	Min-8 + >=50% coverage	Top-N	50	Borda	0.043478260869565216	0.043478260869565216	0.0
TCGA-BF-AAP6	min8_cov50	Min-8 + >=50% coverage	Top-percentile	1	Borda	0.0	0.0	0.0
TCGA-BF-AAP6	min8_cov50	Min-8 + >=50% coverage	Top-percentile	5	Borda	0.0	0.0	0.0
TCGA-BF-AAP6	min8_cov50	Min-8 + >=50% coverage	Top-percentile	10	Borda	0.0	0.0	0.0
TCGA-BF-AAP6	min8_cov50	Min-8 + >=50% coverage	Top-percentile	20	Borda	0.0	0.0	0.0
TCGA-BF-AAP6	min8_cov70	Min-8 + >=70% coverage	Top-N	10	Borda	0.0	0.0	0.0
TCGA-BF-AAP6	min8_cov70	Min-8 + >=70% coverage	Top-N	20	Borda	0.0	0.0	0.0
TCGA-BF-AAP6	min8_cov70	Min-8 + >=70% coverage	Top-N	50	Borda	0.021739130434782608	0.021739130434782608	0.0
TCGA-BF-AAP6	min8_cov70	Min-8 + >=70% coverage	Top-percentile	1	Borda	0.0	0.0	0.0
TCGA-BF-AAP6	min8_cov70	Min-8 + >=70% coverage	Top-percentile	5	Borda	0.0	0.0	0.0
TCGA-BF-AAP6	min8_cov70	Min-8 + >=70% coverage	Top-percentile	10	Borda	0.0	0.0	0.0
TCGA-BF-AAP6	min8_cov70	Min-8 + >=70% coverage	Top-percentile	20	Borda	0.0	0.0	0.0
TCGA-BF-AAP6	min8_cov80	Min-8 + >=80% coverage	Top-N	10	Borda	0.0	0.0	0.0
TCGA-BF-AAP6	min8_cov80	Min-8 + >=80% coverage	Top-N	20	Borda	0.0	0.0	0.0
TCGA-BF-AAP6	min8_cov80	Min-8 + >=80% coverage	Top-N	50	Borda	0.0	0.0	0.0
TCGA-BF-AAP6	min8_cov80	Min-8 + >=80% coverage	Top-percentile	1	Borda	0.0	0.0	0.0
TCGA-BF-AAP6	min8_cov80	Min-8 + >=80% coverage	Top-percentile	5	Borda	0.0	0.0	0.0
TCGA-BF-AAP6	min8_cov80	Min-8 + >=80% coverage	Top-percentile	10	Borda	0.0	0.0	0.0
TCGA-BF-AAP6	min8_cov80	Min-8 + >=80% coverage	Top-percentile	20	Borda	0.0	0.0	0.0
TCGA-BF-AAP7	min8	Min-8 containment	Top-N	10	Borda	0.2	0.2	0.0
TCGA-BF-AAP7	min8	Min-8 containment	Top-N	20	Borda	0.16666666666666666	0.16666666666666666	0.0
TCGA-BF-AAP7	min8	Min-8 containment	Top-N	50	Borda	0.16666666666666666	0.16666666666666666	0.0
TCGA-BF-AAP7	min8	Min-8 containment	Top-percentile	1	Borda	0.0	0.0	0.0
TCGA-BF-AAP7	min8	Min-8 containment	Top-percentile	5	Borda	0.0	0.0	0.0
TCGA-BF-AAP7	min8	Min-8 containment	Top-percentile	10	Borda	0.5	0.0	0.5
TCGA-BF-AAP7	min8	Min-8 containment	Top-percentile	20	Borda	0.3333333333333333	0.0	0.3333333333333333
TCGA-BF-AAP7	min8_cov50	Min-8 + >=50% coverage	Top-N	10	Borda	0.1	0.1	0.0
TCGA-BF-AAP7	min8_cov50	Min-8 + >=50% coverage	Top-N	20	Borda	0.08333333333333333	0.08333333333333333	0.0
TCGA-BF-AAP7	min8_cov50	Min-8 + >=50% coverage	Top-N	50	Borda	0.08333333333333333	0.08333333333333333	0.0
TCGA-BF-AAP7	min8_cov50	Min-8 + >=50% coverage	Top-percentile	1	Borda	0.0	0.0	0.0
TCGA-BF-AAP7	min8_cov50	Min-8 + >=50% coverage	Top-percentile	5	Borda	0.0	0.0	0.0
TCGA-BF-AAP7	min8_cov50	Min-8 + >=50% coverage	Top-percentile	10	Borda	0.5	0.0	0.5
TCGA-BF-AAP7	min8_cov50	Min-8 + >=50% coverage	Top-percentile	20	Borda	0.3333333333333333	0.0	0.3333333333333333
TCGA-BF-AAP7	min8_cov70	Min-8 + >=70% coverage	Top-N	10	Borda	0.1	0.1	0.0
TCGA-BF-AAP7	min8_cov70	Min-8 + >=70% coverage	Top-N	20	Borda	0.08333333333333333	0.08333333333333333	0.0
TCGA-BF-AAP7	min8_cov70	Min-8 + >=70% coverage	Top-N	50	Borda	0.08333333333333333	0.08333333333333333	0.0
TCGA-BF-AAP7	min8_cov70	Min-8 + >=70% coverage	Top-percentile	1	Borda	0.0	0.0	0.0
TCGA-BF-AAP7	min8_cov70	Min-8 + >=70% coverage	Top-percentile	5	Borda	0.0	0.0	0.0
TCGA-BF-AAP7	min8_cov70	Min-8 + >=70% coverage	Top-percentile	10	Borda	0.5	0.0	0.5
TCGA-BF-AAP7	min8_cov70	Min-8 + >=70% coverage	Top-percentile	20	Borda	0.3333333333333333	0.0	0.3333333333333333
TCGA-BF-AAP7	min8_cov80	Min-8 + >=80% coverage	Top-N	10	Borda	0.0	0.0	0.0
TCGA-BF-AAP7	min8_cov80	Min-8 + >=80% coverage	Top-N	20	Borda	0.0	0.0	0.0
TCGA-BF-AAP7	min8_cov80	Min-8 + >=80% coverage	Top-N	50	Borda	0.0	0.0	0.0
TCGA-BF-AAP7	min8_cov80	Min-8 + >=80% coverage	Top-percentile	1	Borda	0.0	0.0	0.0
TCGA-BF-AAP7	min8_cov80	Min-8 + >=80% coverage	Top-percentile	5	Borda	0.0	0.0	0.0
TCGA-BF-AAP7	min8_cov80	Min-8 + >=80% coverage	Top-percentile	10	Borda	0.0	0.0	0.0
TCGA-BF-AAP7	min8_cov80	Min-8 + >=80% coverage	Top-percentile	20	Borda	0.0	0.0	0.0
TCGA-BF-AAP8	min8	Min-8 containment	Top-N	10	Borda	0.1	0.1	0.0
TCGA-BF-AAP8	min8	Min-8 containment	Top-N	20	Borda	0.21428571428571427	0.21428571428571427	0.0
TCGA-BF-AAP8	min8	Min-8 containment	Top-N	50	Borda	0.21428571428571427	0.21428571428571427	0.0
TCGA-BF-AAP8	min8	Min-8 containment	Top-percentile	1	Borda	0.0	0.0	0.0
TCGA-BF-AAP8	min8	Min-8 containment	Top-percentile	5	Borda	0.0	0.0	0.0
TCGA-BF-AAP8	min8	Min-8 containment	Top-percentile	10	Borda	0.0	0.0	0.0
TCGA-BF-AAP8	min8	Min-8 containment	Top-percentile	20	Borda	0.0	0.0	0.0
TCGA-BF-AAP8	min8_cov50	Min-8 + >=50% coverage	Top-N	10	Borda	0.1	0.1	0.0
TCGA-BF-AAP8	min8_cov50	Min-8 + >=50% coverage	Top-N	20	Borda	0.07142857142857142	0.07142857142857142	0.0
TCGA-BF-AAP8	min8_cov50	Min-8 + >=50% coverage	Top-N	50	Borda	0.07142857142857142	0.07142857142857142	0.0
TCGA-BF-AAP8	min8_cov50	Min-8 + >=50% coverage	Top-percentile	1	Borda	0.0	0.0	0.0
TCGA-BF-AAP8	min8_cov50	Min-8 + >=50% coverage	Top-percentile	5	Borda	0.0	0.0	0.0
TCGA-BF-AAP8	min8_cov50	Min-8 + >=50% coverage	Top-percentile	10	Borda	0.0	0.0	0.0
TCGA-BF-AAP8	min8_cov50	Min-8 + >=50% coverage	Top-percentile	20	Borda	0.0	0.0	0.0
TCGA-BF-AAP8	min8_cov70	Min-8 + >=70% coverage	Top-N	10	Borda	0.0	0.0	0.0
TCGA-BF-AAP8	min8_cov70	Min-8 + >=70% coverage	Top-N	20	Borda	0.0	0.0	0.0
TCGA-BF-AAP8	min8_cov70	Min-8 + >=70% coverage	Top-N	50	Borda	0.0	0.0	0.0
TCGA-BF-AAP8	min8_cov70	Min-8 + >=70% coverage	Top-percentile	1	Borda	0.0	0.0	0.0
TCGA-BF-AAP8	min8_cov70	Min-8 + >=70% coverage	Top-percentile	5	Borda	0.0	0.0	0.0
TCGA-BF-AAP8	min8_cov70	Min-8 + >=70% coverage	Top-percentile	10	Borda	0.0	0.0	0.0
TCGA-BF-AAP8	min8_cov70	Min-8 + >=70% coverage	Top-percentile	20	Borda	0.0	0.0	0.0
TCGA-BF-AAP8	min8_cov80	Min-8 + >=80% coverage	Top-N	10	Borda	0.0	0.0	0.0
TCGA-BF-AAP8	min8_cov80	Min-8 + >=80% coverage	Top-N	20	Borda	0.0	0.0	0.0
TCGA-BF-AAP8	min8_cov80	Min-8 + >=80% coverage	Top-N	50	Borda	0.0	0.0	0.0
TCGA-BF-AAP8	min8_cov80	Min-8 + >=80% coverage	Top-percentile	1	Borda	0.0	0.0	0.0
TCGA-BF-AAP8	min8_cov80	Min-8 + >=80% coverage	Top-percentile	5	Borda	0.0	0.0	0.0
TCGA-BF-AAP8	min8_cov80	Min-8 + >=80% coverage	Top-percentile	10	Borda	0.0	0.0	0.0
TCGA-BF-AAP8	min8_cov80	Min-8 + >=80% coverage	Top-percentile	20	Borda	0.0	0.0	0.0
TCGA-D3-A5GT	min8	Min-8 containment	Top-N	10	Borda	0.5	0.5	0.0
TCGA-D3-A5GT	min8	Min-8 containment	Top-N	20	Borda	0.5	0.5	0.0
TCGA-D3-A5GT	min8	Min-8 containment	Top-N	50	Borda	0.5	0.5	0.0
TCGA-D3-A5GT	min8	Min-8 containment	Top-percentile	1	Borda	1.0	1.0	0.0
TCGA-D3-A5GT	min8	Min-8 containment	Top-percentile	5	Borda	1.0	1.0	0.0
TCGA-D3-A5GT	min8	Min-8 containment	Top-percentile	10	Borda	1.0	1.0	0.0
TCGA-D3-A5GT	min8	Min-8 containment	Top-percentile	20	Borda	0.5	1.0	-0.5
TCGA-D3-A5GT	min8_cov50	Min-8 + >=50% coverage	Top-N	10	Borda	0.3333333333333333	0.3333333333333333	0.0
TCGA-D3-A5GT	min8_cov50	Min-8 + >=50% coverage	Top-N	20	Borda	0.3333333333333333	0.3333333333333333	0.0
TCGA-D3-A5GT	min8_cov50	Min-8 + >=50% coverage	Top-N	50	Borda	0.3333333333333333	0.3333333333333333	0.0
TCGA-D3-A5GT	min8_cov50	Min-8 + >=50% coverage	Top-percentile	1	Borda	1.0	0.0	1.0
TCGA-D3-A5GT	min8_cov50	Min-8 + >=50% coverage	Top-percentile	5	Borda	1.0	0.0	1.0
TCGA-D3-A5GT	min8_cov50	Min-8 + >=50% coverage	Top-percentile	10	Borda	1.0	0.0	1.0
TCGA-D3-A5GT	min8_cov50	Min-8 + >=50% coverage	Top-percentile	20	Borda	0.5	0.5	0.0
TCGA-D3-A5GT	min8_cov70	Min-8 + >=70% coverage	Top-N	10	Borda	0.0	0.0	0.0
TCGA-D3-A5GT	min8_cov70	Min-8 + >=70% coverage	Top-N	20	Borda	0.0	0.0	0.0
TCGA-D3-A5GT	min8_cov70	Min-8 + >=70% coverage	Top-N	50	Borda	0.0	0.0	0.0
TCGA-D3-A5GT	min8_cov70	Min-8 + >=70% coverage	Top-percentile	1	Borda	0.0	0.0	0.0
TCGA-D3-A5GT	min8_cov70	Min-8 + >=70% coverage	Top-percentile	5	Borda	0.0	0.0	0.0
TCGA-D3-A5GT	min8_cov70	Min-8 + >=70% coverage	Top-percentile	10	Borda	0.0	0.0	0.0
TCGA-D3-A5GT	min8_cov70	Min-8 + >=70% coverage	Top-percentile	20	Borda	0.0	0.0	0.0
TCGA-D3-A5GT	min8_cov80	Min-8 + >=80% coverage	Top-N	10	Borda	0.0	0.0	0.0
TCGA-D3-A5GT	min8_cov80	Min-8 + >=80% coverage	Top-N	20	Borda	0.0	0.0	0.0
TCGA-D3-A5GT	min8_cov80	Min-8 + >=80% coverage	Top-N	50	Borda	0.0	0.0	0.0
TCGA-D3-A5GT	min8_cov80	Min-8 + >=80% coverage	Top-percentile	1	Borda	0.0	0.0	0.0
TCGA-D3-A5GT	min8_cov80	Min-8 + >=80% coverage	Top-percentile	5	Borda	0.0	0.0	0.0
TCGA-D3-A5GT	min8_cov80	Min-8 + >=80% coverage	Top-percentile	10	Borda	0.0	0.0	0.0
TCGA-D3-A5GT	min8_cov80	Min-8 + >=80% coverage	Top-percentile	20	Borda	0.0	0.0	0.0
TCGA-D9-A3Z4	min8	Min-8 containment	Top-N	10	Borda	0.3	0.5	-0.2
TCGA-D9-A3Z4	min8	Min-8 containment	Top-N	20	Borda	0.35	0.3	0.04999999999999999
TCGA-D9-A3Z4	min8	Min-8 containment	Top-N	50	Borda	0.3877551020408163	0.3877551020408163	0.0
TCGA-D9-A3Z4	min8	Min-8 containment	Top-percentile	1	Borda	0.0	1.0	-1.0
TCGA-D9-A3Z4	min8	Min-8 containment	Top-percentile	5	Borda	0.3333333333333333	0.3333333333333333	0.0
TCGA-D9-A3Z4	min8	Min-8 containment	Top-percentile	10	Borda	0.2	0.6	-0.39999999999999997
TCGA-D9-A3Z4	min8	Min-8 containment	Top-percentile	20	Borda	0.3	0.5	-0.2
TCGA-D9-A3Z4	min8_cov50	Min-8 + >=50% coverage	Top-N	10	Borda	0.0	0.1	-0.1
TCGA-D9-A3Z4	min8_cov50	Min-8 + >=50% coverage	Top-N	20	Borda	0.05	0.1	-0.05
TCGA-D9-A3Z4	min8_cov50	Min-8 + >=50% coverage	Top-N	50	Borda	0.04081632653061224	0.04081632653061224	0.0
TCGA-D9-A3Z4	min8_cov50	Min-8 + >=50% coverage	Top-percentile	1	Borda	0.0	1.0	-1.0
TCGA-D9-A3Z4	min8_cov50	Min-8 + >=50% coverage	Top-percentile	5	Borda	0.0	0.3333333333333333	-0.3333333333333333
TCGA-D9-A3Z4	min8_cov50	Min-8 + >=50% coverage	Top-percentile	10	Borda	0.0	0.2	-0.2
TCGA-D9-A3Z4	min8_cov50	Min-8 + >=50% coverage	Top-percentile	20	Borda	0.0	0.1	-0.1
TCGA-D9-A3Z4	min8_cov70	Min-8 + >=70% coverage	Top-N	10	Borda	0.0	0.0	0.0
TCGA-D9-A3Z4	min8_cov70	Min-8 + >=70% coverage	Top-N	20	Borda	0.0	0.0	0.0
TCGA-D9-A3Z4	min8_cov70	Min-8 + >=70% coverage	Top-N	50	Borda	0.0	0.0	0.0
TCGA-D9-A3Z4	min8_cov70	Min-8 + >=70% coverage	Top-percentile	1	Borda	0.0	0.0	0.0
TCGA-D9-A3Z4	min8_cov70	Min-8 + >=70% coverage	Top-percentile	5	Borda	0.0	0.0	0.0
TCGA-D9-A3Z4	min8_cov70	Min-8 + >=70% coverage	Top-percentile	10	Borda	0.0	0.0	0.0
TCGA-D9-A3Z4	min8_cov70	Min-8 + >=70% coverage	Top-percentile	20	Borda	0.0	0.0	0.0
TCGA-D9-A3Z4	min8_cov80	Min-8 + >=80% coverage	Top-N	10	Borda	0.0	0.0	0.0
TCGA-D9-A3Z4	min8_cov80	Min-8 + >=80% coverage	Top-N	20	Borda	0.0	0.0	0.0
TCGA-D9-A3Z4	min8_cov80	Min-8 + >=80% coverage	Top-N	50	Borda	0.0	0.0	0.0
TCGA-D9-A3Z4	min8_cov80	Min-8 + >=80% coverage	Top-percentile	1	Borda	0.0	0.0	0.0
TCGA-D9-A3Z4	min8_cov80	Min-8 + >=80% coverage	Top-percentile	5	Borda	0.0	0.0	0.0
TCGA-D9-A3Z4	min8_cov80	Min-8 + >=80% coverage	Top-percentile	10	Borda	0.0	0.0	0.0
TCGA-D9-A3Z4	min8_cov80	Min-8 + >=80% coverage	Top-percentile	20	Borda	0.0	0.0	0.0
TCGA-D9-A4Z2	min8	Min-8 containment	Top-N	10	Borda	0.2	0.2	0.0
TCGA-D9-A4Z2	min8	Min-8 containment	Top-N	20	Borda	0.1	0.2	-0.1
TCGA-D9-A4Z2	min8	Min-8 containment	Top-N	50	Borda	0.14285714285714285	0.14285714285714285	0.0
TCGA-D9-A4Z2	min8	Min-8 containment	Top-percentile	1	Borda	1.0	0.0	1.0
TCGA-D9-A4Z2	min8	Min-8 containment	Top-percentile	5	Borda	0.5	0.0	0.5
TCGA-D9-A4Z2	min8	Min-8 containment	Top-percentile	10	Borda	0.3333333333333333	0.3333333333333333	0.0
TCGA-D9-A4Z2	min8	Min-8 containment	Top-percentile	20	Borda	0.3333333333333333	0.3333333333333333	0.0
TCGA-D9-A4Z2	min8_cov50	Min-8 + >=50% coverage	Top-N	10	Borda	0.2	0.2	0.0
TCGA-D9-A4Z2	min8_cov50	Min-8 + >=50% coverage	Top-N	20	Borda	0.1	0.2	-0.1
TCGA-D9-A4Z2	min8_cov50	Min-8 + >=50% coverage	Top-N	50	Borda	0.14285714285714285	0.14285714285714285	0.0
TCGA-D9-A4Z2	min8_cov50	Min-8 + >=50% coverage	Top-percentile	1	Borda	1.0	0.0	1.0
TCGA-D9-A4Z2	min8_cov50	Min-8 + >=50% coverage	Top-percentile	5	Borda	0.5	0.0	0.5
TCGA-D9-A4Z2	min8_cov50	Min-8 + >=50% coverage	Top-percentile	10	Borda	0.3333333333333333	0.3333333333333333	0.0
TCGA-D9-A4Z2	min8_cov50	Min-8 + >=50% coverage	Top-percentile	20	Borda	0.3333333333333333	0.3333333333333333	0.0
TCGA-D9-A4Z2	min8_cov70	Min-8 + >=70% coverage	Top-N	10	Borda	0.0	0.0	0.0
TCGA-D9-A4Z2	min8_cov70	Min-8 + >=70% coverage	Top-N	20	Borda	0.0	0.0	0.0
TCGA-D9-A4Z2	min8_cov70	Min-8 + >=70% coverage	Top-N	50	Borda	0.0	0.0	0.0
TCGA-D9-A4Z2	min8_cov70	Min-8 + >=70% coverage	Top-percentile	1	Borda	0.0	0.0	0.0
TCGA-D9-A4Z2	min8_cov70	Min-8 + >=70% coverage	Top-percentile	5	Borda	0.0	0.0	0.0
TCGA-D9-A4Z2	min8_cov70	Min-8 + >=70% coverage	Top-percentile	10	Borda	0.0	0.0	0.0
TCGA-D9-A4Z2	min8_cov70	Min-8 + >=70% coverage	Top-percentile	20	Borda	0.0	0.0	0.0
TCGA-D9-A4Z2	min8_cov80	Min-8 + >=80% coverage	Top-N	10	Borda	0.0	0.0	0.0
TCGA-D9-A4Z2	min8_cov80	Min-8 + >=80% coverage	Top-N	20	Borda	0.0	0.0	0.0
TCGA-D9-A4Z2	min8_cov80	Min-8 + >=80% coverage	Top-N	50	Borda	0.0	0.0	0.0
TCGA-D9-A4Z2	min8_cov80	Min-8 + >=80% coverage	Top-percentile	1	Borda	0.0	0.0	0.0
TCGA-D9-A4Z2	min8_cov80	Min-8 + >=80% coverage	Top-percentile	5	Borda	0.0	0.0	0.0
TCGA-D9-A4Z2	min8_cov80	Min-8 + >=80% coverage	Top-percentile	10	Borda	0.0	0.0	0.0
TCGA-D9-A4Z2	min8_cov80	Min-8 + >=80% coverage	Top-percentile	20	Borda	0.0	0.0	0.0
TCGA-D9-A4Z3	min8	Min-8 containment	Top-N	10	Borda	0.3	0.0	0.3
TCGA-D9-A4Z3	min8	Min-8 containment	Top-N	20	Borda	0.2	0.05	0.15000000000000002
TCGA-D9-A4Z3	min8	Min-8 containment	Top-N	50	Borda	0.2	0.16	0.04000000000000001
TCGA-D9-A4Z3	min8	Min-8 containment	Top-percentile	1	Borda	0.0	0.0	0.0
TCGA-D9-A4Z3	min8	Min-8 containment	Top-percentile	5	Borda	0.3	0.0	0.3
TCGA-D9-A4Z3	min8	Min-8 containment	Top-percentile	10	Borda	0.21052631578947367	0.05263157894736842	0.15789473684210525
TCGA-D9-A4Z3	min8	Min-8 containment	Top-percentile	20	Borda	0.24324324324324326	0.16216216216216217	0.08108108108108109
TCGA-D9-A4Z3	min8_cov50	Min-8 + >=50% coverage	Top-N	10	Borda	0.0	0.0	0.0
TCGA-D9-A4Z3	min8_cov50	Min-8 + >=50% coverage	Top-N	20	Borda	0.05	0.05	0.0
TCGA-D9-A4Z3	min8_cov50	Min-8 + >=50% coverage	Top-N	50	Borda	0.08	0.1	-0.020000000000000004
TCGA-D9-A4Z3	min8_cov50	Min-8 + >=50% coverage	Top-percentile	1	Borda	0.0	0.0	0.0
TCGA-D9-A4Z3	min8_cov50	Min-8 + >=50% coverage	Top-percentile	5	Borda	0.0	0.0	0.0
TCGA-D9-A4Z3	min8_cov50	Min-8 + >=50% coverage	Top-percentile	10	Borda	0.05263157894736842	0.05263157894736842	0.0
TCGA-D9-A4Z3	min8_cov50	Min-8 + >=50% coverage	Top-percentile	20	Borda	0.08108108108108109	0.10810810810810811	-0.02702702702702703
TCGA-D9-A4Z3	min8_cov70	Min-8 + >=70% coverage	Top-N	10	Borda	0.0	0.0	0.0
TCGA-D9-A4Z3	min8_cov70	Min-8 + >=70% coverage	Top-N	20	Borda	0.0	0.05	-0.05
TCGA-D9-A4Z3	min8_cov70	Min-8 + >=70% coverage	Top-N	50	Borda	0.02	0.02	0.0
TCGA-D9-A4Z3	min8_cov70	Min-8 + >=70% coverage	Top-percentile	1	Borda	0.0	0.0	0.0
TCGA-D9-A4Z3	min8_cov70	Min-8 + >=70% coverage	Top-percentile	5	Borda	0.0	0.0	0.0
TCGA-D9-A4Z3	min8_cov70	Min-8 + >=70% coverage	Top-percentile	10	Borda	0.0	0.05263157894736842	-0.05263157894736842
TCGA-D9-A4Z3	min8_cov70	Min-8 + >=70% coverage	Top-percentile	20	Borda	0.0	0.02702702702702703	-0.02702702702702703
TCGA-D9-A4Z3	min8_cov80	Min-8 + >=80% coverage	Top-N	10	Borda	0.0	0.0	0.0
TCGA-D9-A4Z3	min8_cov80	Min-8 + >=80% coverage	Top-N	20	Borda	0.0	0.0	0.0
TCGA-D9-A4Z3	min8_cov80	Min-8 + >=80% coverage	Top-N	50	Borda	0.0	0.0	0.0
TCGA-D9-A4Z3	min8_cov80	Min-8 + >=80% coverage	Top-percentile	1	Borda	0.0	0.0	0.0
TCGA-D9-A4Z3	min8_cov80	Min-8 + >=80% coverage	Top-percentile	5	Borda	0.0	0.0	0.0
TCGA-D9-A4Z3	min8_cov80	Min-8 + >=80% coverage	Top-percentile	10	Borda	0.0	0.0	0.0
TCGA-D9-A4Z3	min8_cov80	Min-8 + >=80% coverage	Top-percentile	20	Borda	0.0	0.0	0.0
TCGA-EB-A1NK	min8	Min-8 containment	Top-N	10	Borda	0.4	0.2	0.2
TCGA-EB-A1NK	min8	Min-8 containment	Top-N	20	Borda	0.35	0.4	-0.050000000000000044
TCGA-EB-A1NK	min8	Min-8 containment	Top-N	50	Borda	0.275	0.275	0.0
TCGA-EB-A1NK	min8	Min-8 containment	Top-percentile	1	Borda	0.0	0.0	0.0
TCGA-EB-A1NK	min8	Min-8 containment	Top-percentile	5	Borda	0.0	0.0	0.0
TCGA-EB-A1NK	min8	Min-8 containment	Top-percentile	10	Borda	0.0	0.0	0.0
TCGA-EB-A1NK	min8	Min-8 containment	Top-percentile	20	Borda	0.375	0.125	0.25
TCGA-EB-A1NK	min8_cov50	Min-8 + >=50% coverage	Top-N	10	Borda	0.1	0.0	0.1
TCGA-EB-A1NK	min8_cov50	Min-8 + >=50% coverage	Top-N	20	Borda	0.1	0.1	0.0
TCGA-EB-A1NK	min8_cov50	Min-8 + >=50% coverage	Top-N	50	Borda	0.125	0.125	0.0
TCGA-EB-A1NK	min8_cov50	Min-8 + >=50% coverage	Top-percentile	1	Borda	0.0	0.0	0.0
TCGA-EB-A1NK	min8_cov50	Min-8 + >=50% coverage	Top-percentile	5	Borda	0.0	0.0	0.0
TCGA-EB-A1NK	min8_cov50	Min-8 + >=50% coverage	Top-percentile	10	Borda	0.0	0.0	0.0
TCGA-EB-A1NK	min8_cov50	Min-8 + >=50% coverage	Top-percentile	20	Borda	0.125	0.0	0.125
TCGA-EB-A1NK	min8_cov70	Min-8 + >=70% coverage	Top-N	10	Borda	0.0	0.0	0.0
TCGA-EB-A1NK	min8_cov70	Min-8 + >=70% coverage	Top-N	20	Borda	0.0	0.0	0.0
TCGA-EB-A1NK	min8_cov70	Min-8 + >=70% coverage	Top-N	50	Borda	0.0	0.0	0.0
TCGA-EB-A1NK	min8_cov70	Min-8 + >=70% coverage	Top-percentile	1	Borda	0.0	0.0	0.0
TCGA-EB-A1NK	min8_cov70	Min-8 + >=70% coverage	Top-percentile	5	Borda	0.0	0.0	0.0
TCGA-EB-A1NK	min8_cov70	Min-8 + >=70% coverage	Top-percentile	10	Borda	0.0	0.0	0.0
TCGA-EB-A1NK	min8_cov70	Min-8 + >=70% coverage	Top-percentile	20	Borda	0.0	0.0	0.0
TCGA-EB-A1NK	min8_cov80	Min-8 + >=80% coverage	Top-N	10	Borda	0.0	0.0	0.0
TCGA-EB-A1NK	min8_cov80	Min-8 + >=80% coverage	Top-N	20	Borda	0.0	0.0	0.0
TCGA-EB-A1NK	min8_cov80	Min-8 + >=80% coverage	Top-N	50	Borda	0.0	0.0	0.0
TCGA-EB-A1NK	min8_cov80	Min-8 + >=80% coverage	Top-percentile	1	Borda	0.0	0.0	0.0
TCGA-EB-A1NK	min8_cov80	Min-8 + >=80% coverage	Top-percentile	5	Borda	0.0	0.0	0.0
TCGA-EB-A1NK	min8_cov80	Min-8 + >=80% coverage	Top-percentile	10	Borda	0.0	0.0	0.0
TCGA-EB-A1NK	min8_cov80	Min-8 + >=80% coverage	Top-percentile	20	Borda	0.0	0.0	0.0
TCGA-EB-A3HV	min8	Min-8 containment	Top-N	10	Borda	0.4	0.3	0.10000000000000003
TCGA-EB-A3HV	min8	Min-8 containment	Top-N	20	Borda	0.45	0.45	0.0
TCGA-EB-A3HV	min8	Min-8 containment	Top-N	50	Borda	0.4642857142857143	0.4642857142857143	0.0
TCGA-EB-A3HV	min8	Min-8 containment	Top-percentile	1	Borda	0.0	1.0	-1.0
TCGA-EB-A3HV	min8	Min-8 containment	Top-percentile	5	Borda	0.0	1.0	-1.0
TCGA-EB-A3HV	min8	Min-8 containment	Top-percentile	10	Borda	0.0	0.6666666666666666	-0.6666666666666666
TCGA-EB-A3HV	min8	Min-8 containment	Top-percentile	20	Borda	0.3333333333333333	0.3333333333333333	0.0
TCGA-EB-A3HV	min8_cov50	Min-8 + >=50% coverage	Top-N	10	Borda	0.1	0.2	-0.1
TCGA-EB-A3HV	min8_cov50	Min-8 + >=50% coverage	Top-N	20	Borda	0.15	0.1	0.04999999999999999
TCGA-EB-A3HV	min8_cov50	Min-8 + >=50% coverage	Top-N	50	Borda	0.14285714285714285	0.14285714285714285	0.0
TCGA-EB-A3HV	min8_cov50	Min-8 + >=50% coverage	Top-percentile	1	Borda	0.0	1.0	-1.0
TCGA-EB-A3HV	min8_cov50	Min-8 + >=50% coverage	Top-percentile	5	Borda	0.0	1.0	-1.0
TCGA-EB-A3HV	min8_cov50	Min-8 + >=50% coverage	Top-percentile	10	Borda	0.0	0.6666666666666666	-0.6666666666666666
TCGA-EB-A3HV	min8_cov50	Min-8 + >=50% coverage	Top-percentile	20	Borda	0.0	0.3333333333333333	-0.3333333333333333
TCGA-EB-A3HV	min8_cov70	Min-8 + >=70% coverage	Top-N	10	Borda	0.0	0.0	0.0
TCGA-EB-A3HV	min8_cov70	Min-8 + >=70% coverage	Top-N	20	Borda	0.0	0.0	0.0
TCGA-EB-A3HV	min8_cov70	Min-8 + >=70% coverage	Top-N	50	Borda	0.0	0.0	0.0
TCGA-EB-A3HV	min8_cov70	Min-8 + >=70% coverage	Top-percentile	1	Borda	0.0	0.0	0.0
TCGA-EB-A3HV	min8_cov70	Min-8 + >=70% coverage	Top-percentile	5	Borda	0.0	0.0	0.0
TCGA-EB-A3HV	min8_cov70	Min-8 + >=70% coverage	Top-percentile	10	Borda	0.0	0.0	0.0
TCGA-EB-A3HV	min8_cov70	Min-8 + >=70% coverage	Top-percentile	20	Borda	0.0	0.0	0.0
TCGA-EB-A3HV	min8_cov80	Min-8 + >=80% coverage	Top-N	10	Borda	0.0	0.0	0.0
TCGA-EB-A3HV	min8_cov80	Min-8 + >=80% coverage	Top-N	20	Borda	0.0	0.0	0.0
TCGA-EB-A3HV	min8_cov80	Min-8 + >=80% coverage	Top-N	50	Borda	0.0	0.0	0.0
TCGA-EB-A3HV	min8_cov80	Min-8 + >=80% coverage	Top-percentile	1	Borda	0.0	0.0	0.0
TCGA-EB-A3HV	min8_cov80	Min-8 + >=80% coverage	Top-percentile	5	Borda	0.0	0.0	0.0
TCGA-EB-A3HV	min8_cov80	Min-8 + >=80% coverage	Top-percentile	10	Borda	0.0	0.0	0.0
TCGA-EB-A3HV	min8_cov80	Min-8 + >=80% coverage	Top-percentile	20	Borda	0.0	0.0	0.0
TCGA-EB-A3XB	min8	Min-8 containment	Top-N	10	Borda	0.2	0.1	0.1
TCGA-EB-A3XB	min8	Min-8 containment	Top-N	20	Borda	0.15	0.1	0.04999999999999999
TCGA-EB-A3XB	min8	Min-8 containment	Top-N	50	Borda	0.18	0.18	0.0
TCGA-EB-A3XB	min8	Min-8 containment	Top-percentile	1	Borda	0.0	1.0	-1.0
TCGA-EB-A3XB	min8	Min-8 containment	Top-percentile	5	Borda	0.0	0.25	-0.25
TCGA-EB-A3XB	min8	Min-8 containment	Top-percentile	10	Borda	0.14285714285714285	0.14285714285714285	0.0
TCGA-EB-A3XB	min8	Min-8 containment	Top-percentile	20	Borda	0.15384615384615385	0.07692307692307693	0.07692307692307693
TCGA-EB-A3XB	min8_cov50	Min-8 + >=50% coverage	Top-N	10	Borda	0.0	0.0	0.0
TCGA-EB-A3XB	min8_cov50	Min-8 + >=50% coverage	Top-N	20	Borda	0.0	0.0	0.0
TCGA-EB-A3XB	min8_cov50	Min-8 + >=50% coverage	Top-N	50	Borda	0.0	0.0	0.0
TCGA-EB-A3XB	min8_cov50	Min-8 + >=50% coverage	Top-percentile	1	Borda	0.0	0.0	0.0
TCGA-EB-A3XB	min8_cov50	Min-8 + >=50% coverage	Top-percentile	5	Borda	0.0	0.0	0.0
TCGA-EB-A3XB	min8_cov50	Min-8 + >=50% coverage	Top-percentile	10	Borda	0.0	0.0	0.0
TCGA-EB-A3XB	min8_cov50	Min-8 + >=50% coverage	Top-percentile	20	Borda	0.0	0.0	0.0
TCGA-EB-A3XB	min8_cov70	Min-8 + >=70% coverage	Top-N	10	Borda	0.0	0.0	0.0
TCGA-EB-A3XB	min8_cov70	Min-8 + >=70% coverage	Top-N	20	Borda	0.0	0.0	0.0
TCGA-EB-A3XB	min8_cov70	Min-8 + >=70% coverage	Top-N	50	Borda	0.0	0.0	0.0
TCGA-EB-A3XB	min8_cov70	Min-8 + >=70% coverage	Top-percentile	1	Borda	0.0	0.0	0.0
TCGA-EB-A3XB	min8_cov70	Min-8 + >=70% coverage	Top-percentile	5	Borda	0.0	0.0	0.0
TCGA-EB-A3XB	min8_cov70	Min-8 + >=70% coverage	Top-percentile	10	Borda	0.0	0.0	0.0
TCGA-EB-A3XB	min8_cov70	Min-8 + >=70% coverage	Top-percentile	20	Borda	0.0	0.0	0.0
TCGA-EB-A3XB	min8_cov80	Min-8 + >=80% coverage	Top-N	10	Borda	0.0	0.0	0.0
TCGA-EB-A3XB	min8_cov80	Min-8 + >=80% coverage	Top-N	20	Borda	0.0	0.0	0.0
TCGA-EB-A3XB	min8_cov80	Min-8 + >=80% coverage	Top-N	50	Borda	0.0	0.0	0.0
TCGA-EB-A3XB	min8_cov80	Min-8 + >=80% coverage	Top-percentile	1	Borda	0.0	0.0	0.0
TCGA-EB-A3XB	min8_cov80	Min-8 + >=80% coverage	Top-percentile	5	Borda	0.0	0.0	0.0
TCGA-EB-A3XB	min8_cov80	Min-8 + >=80% coverage	Top-percentile	10	Borda	0.0	0.0	0.0
TCGA-EB-A3XB	min8_cov80	Min-8 + >=80% coverage	Top-percentile	20	Borda	0.0	0.0	0.0
TCGA-EB-A3XC	min8	Min-8 containment	Top-N	10	Borda	0.5	0.2	0.3
TCGA-EB-A3XC	min8	Min-8 containment	Top-N	20	Borda	0.5	0.35	0.15000000000000002
TCGA-EB-A3XC	min8	Min-8 containment	Top-N	50	Borda	0.38	0.3	0.08000000000000002
TCGA-EB-A3XC	min8	Min-8 containment	Top-percentile	1	Borda	1.0	0.5	0.5
TCGA-EB-A3XC	min8	Min-8 containment	Top-percentile	5	Borda	0.8333333333333334	0.16666666666666666	0.6666666666666667
TCGA-EB-A3XC	min8	Min-8 containment	Top-percentile	10	Borda	0.5454545454545454	0.18181818181818182	0.3636363636363636
TCGA-EB-A3XC	min8	Min-8 containment	Top-percentile	20	Borda	0.5238095238095238	0.38095238095238093	0.1428571428571429
TCGA-EB-A3XC	min8_cov50	Min-8 + >=50% coverage	Top-N	10	Borda	0.2	0.1	0.1
TCGA-EB-A3XC	min8_cov50	Min-8 + >=50% coverage	Top-N	20	Borda	0.25	0.15	0.1
TCGA-EB-A3XC	min8_cov50	Min-8 + >=50% coverage	Top-N	50	Borda	0.18	0.08	0.09999999999999999
TCGA-EB-A3XC	min8_cov50	Min-8 + >=50% coverage	Top-percentile	1	Borda	0.0	0.5	-0.5
TCGA-EB-A3XC	min8_cov50	Min-8 + >=50% coverage	Top-percentile	5	Borda	0.3333333333333333	0.16666666666666666	0.16666666666666666
TCGA-EB-A3XC	min8_cov50	Min-8 + >=50% coverage	Top-percentile	10	Borda	0.2727272727272727	0.09090909090909091	0.1818181818181818
TCGA-EB-A3XC	min8_cov50	Min-8 + >=50% coverage	Top-percentile	20	Borda	0.23809523809523808	0.14285714285714285	0.09523809523809523
TCGA-EB-A3XC	min8_cov70	Min-8 + >=70% coverage	Top-N	10	Borda	0.0	0.0	0.0
TCGA-EB-A3XC	min8_cov70	Min-8 + >=70% coverage	Top-N	20	Borda	0.0	0.0	0.0
TCGA-EB-A3XC	min8_cov70	Min-8 + >=70% coverage	Top-N	50	Borda	0.02	0.0	0.02
TCGA-EB-A3XC	min8_cov70	Min-8 + >=70% coverage	Top-percentile	1	Borda	0.0	0.0	0.0
TCGA-EB-A3XC	min8_cov70	Min-8 + >=70% coverage	Top-percentile	5	Borda	0.0	0.0	0.0
TCGA-EB-A3XC	min8_cov70	Min-8 + >=70% coverage	Top-percentile	10	Borda	0.0	0.0	0.0
TCGA-EB-A3XC	min8_cov70	Min-8 + >=70% coverage	Top-percentile	20	Borda	0.0	0.0	0.0
TCGA-EB-A3XC	min8_cov80	Min-8 + >=80% coverage	Top-N	10	Borda	0.0	0.0	0.0
TCGA-EB-A3XC	min8_cov80	Min-8 + >=80% coverage	Top-N	20	Borda	0.0	0.0	0.0
TCGA-EB-A3XC	min8_cov80	Min-8 + >=80% coverage	Top-N	50	Borda	0.0	0.0	0.0
TCGA-EB-A3XC	min8_cov80	Min-8 + >=80% coverage	Top-percentile	1	Borda	0.0	0.0	0.0
TCGA-EB-A3XC	min8_cov80	Min-8 + >=80% coverage	Top-percentile	5	Borda	0.0	0.0	0.0
TCGA-EB-A3XC	min8_cov80	Min-8 + >=80% coverage	Top-percentile	10	Borda	0.0	0.0	0.0
TCGA-EB-A3XC	min8_cov80	Min-8 + >=80% coverage	Top-percentile	20	Borda	0.0	0.0	0.0
TCGA-EB-A3XD	min8	Min-8 containment	Top-N	10	Borda	0.5	0.1	0.4
TCGA-EB-A3XD	min8	Min-8 containment	Top-N	20	Borda	0.25	0.15	0.1
TCGA-EB-A3XD	min8	Min-8 containment	Top-N	50	Borda	0.22727272727272727	0.22727272727272727	0.0
TCGA-EB-A3XD	min8	Min-8 containment	Top-percentile	1	Borda	1.0	0.0	1.0
TCGA-EB-A3XD	min8	Min-8 containment	Top-percentile	5	Borda	0.5	0.0	0.5
TCGA-EB-A3XD	min8	Min-8 containment	Top-percentile	10	Borda	0.6666666666666666	0.3333333333333333	0.3333333333333333
TCGA-EB-A3XD	min8	Min-8 containment	Top-percentile	20	Borda	0.6	0.2	0.39999999999999997
TCGA-EB-A3XD	min8_cov50	Min-8 + >=50% coverage	Top-N	10	Borda	0.2	0.0	0.2
TCGA-EB-A3XD	min8_cov50	Min-8 + >=50% coverage	Top-N	20	Borda	0.1	0.0	0.1
TCGA-EB-A3XD	min8_cov50	Min-8 + >=50% coverage	Top-N	50	Borda	0.09090909090909091	0.09090909090909091	0.0
TCGA-EB-A3XD	min8_cov50	Min-8 + >=50% coverage	Top-percentile	1	Borda	0.0	0.0	0.0
TCGA-EB-A3XD	min8_cov50	Min-8 + >=50% coverage	Top-percentile	5	Borda	0.0	0.0	0.0
TCGA-EB-A3XD	min8_cov50	Min-8 + >=50% coverage	Top-percentile	10	Borda	0.0	0.0	0.0
TCGA-EB-A3XD	min8_cov50	Min-8 + >=50% coverage	Top-percentile	20	Borda	0.2	0.0	0.2
TCGA-EB-A3XD	min8_cov70	Min-8 + >=70% coverage	Top-N	10	Borda	0.2	0.0	0.2
TCGA-EB-A3XD	min8_cov70	Min-8 + >=70% coverage	Top-N	20	Borda	0.1	0.0	0.1
TCGA-EB-A3XD	min8_cov70	Min-8 + >=70% coverage	Top-N	50	Borda	0.09090909090909091	0.09090909090909091	0.0
TCGA-EB-A3XD	min8_cov70	Min-8 + >=70% coverage	Top-percentile	1	Borda	0.0	0.0	0.0
TCGA-EB-A3XD	min8_cov70	Min-8 + >=70% coverage	Top-percentile	5	Borda	0.0	0.0	0.0
TCGA-EB-A3XD	min8_cov70	Min-8 + >=70% coverage	Top-percentile	10	Borda	0.0	0.0	0.0
TCGA-EB-A3XD	min8_cov70	Min-8 + >=70% coverage	Top-percentile	20	Borda	0.2	0.0	0.2
TCGA-EB-A3XD	min8_cov80	Min-8 + >=80% coverage	Top-N	10	Borda	0.2	0.0	0.2
TCGA-EB-A3XD	min8_cov80	Min-8 + >=80% coverage	Top-N	20	Borda	0.1	0.0	0.1
TCGA-EB-A3XD	min8_cov80	Min-8 + >=80% coverage	Top-N	50	Borda	0.09090909090909091	0.09090909090909091	0.0
TCGA-EB-A3XD	min8_cov80	Min-8 + >=80% coverage	Top-percentile	1	Borda	0.0	0.0	0.0
TCGA-EB-A3XD	min8_cov80	Min-8 + >=80% coverage	Top-percentile	5	Borda	0.0	0.0	0.0
TCGA-EB-A3XD	min8_cov80	Min-8 + >=80% coverage	Top-percentile	10	Borda	0.0	0.0	0.0
TCGA-EB-A3XD	min8_cov80	Min-8 + >=80% coverage	Top-percentile	20	Borda	0.2	0.0	0.2
TCGA-EB-A3XE	min8	Min-8 containment	Top-N	10	Borda	0.2	0.2	0.0
TCGA-EB-A3XE	min8	Min-8 containment	Top-N	20	Borda	0.25	0.25	0.0
TCGA-EB-A3XE	min8	Min-8 containment	Top-N	50	Borda	0.25	0.25	0.0
TCGA-EB-A3XE	min8	Min-8 containment	Top-percentile	1	Borda	0.0	0.0	0.0
TCGA-EB-A3XE	min8	Min-8 containment	Top-percentile	5	Borda	0.0	0.0	0.0
TCGA-EB-A3XE	min8	Min-8 containment	Top-percentile	10	Borda	0.0	0.0	0.0
TCGA-EB-A3XE	min8	Min-8 containment	Top-percentile	20	Borda	0.0	0.0	0.0
TCGA-EB-A3XE	min8_cov50	Min-8 + >=50% coverage	Top-N	10	Borda	0.0	0.0	0.0
TCGA-EB-A3XE	min8_cov50	Min-8 + >=50% coverage	Top-N	20	Borda	0.0	0.0	0.0
TCGA-EB-A3XE	min8_cov50	Min-8 + >=50% coverage	Top-N	50	Borda	0.0	0.0	0.0
TCGA-EB-A3XE	min8_cov50	Min-8 + >=50% coverage	Top-percentile	1	Borda	0.0	0.0	0.0
TCGA-EB-A3XE	min8_cov50	Min-8 + >=50% coverage	Top-percentile	5	Borda	0.0	0.0	0.0
TCGA-EB-A3XE	min8_cov50	Min-8 + >=50% coverage	Top-percentile	10	Borda	0.0	0.0	0.0
TCGA-EB-A3XE	min8_cov50	Min-8 + >=50% coverage	Top-percentile	20	Borda	0.0	0.0	0.0
TCGA-EB-A3XE	min8_cov70	Min-8 + >=70% coverage	Top-N	10	Borda	0.0	0.0	0.0
TCGA-EB-A3XE	min8_cov70	Min-8 + >=70% coverage	Top-N	20	Borda	0.0	0.0	0.0
TCGA-EB-A3XE	min8_cov70	Min-8 + >=70% coverage	Top-N	50	Borda	0.0	0.0	0.0
TCGA-EB-A3XE	min8_cov70	Min-8 + >=70% coverage	Top-percentile	1	Borda	0.0	0.0	0.0
TCGA-EB-A3XE	min8_cov70	Min-8 + >=70% coverage	Top-percentile	5	Borda	0.0	0.0	0.0
TCGA-EB-A3XE	min8_cov70	Min-8 + >=70% coverage	Top-percentile	10	Borda	0.0	0.0	0.0
TCGA-EB-A3XE	min8_cov70	Min-8 + >=70% coverage	Top-percentile	20	Borda	0.0	0.0	0.0
TCGA-EB-A3XE	min8_cov80	Min-8 + >=80% coverage	Top-N	10	Borda	0.0	0.0	0.0
TCGA-EB-A3XE	min8_cov80	Min-8 + >=80% coverage	Top-N	20	Borda	0.0	0.0	0.0
TCGA-EB-A3XE	min8_cov80	Min-8 + >=80% coverage	Top-N	50	Borda	0.0	0.0	0.0
TCGA-EB-A3XE	min8_cov80	Min-8 + >=80% coverage	Top-percentile	1	Borda	0.0	0.0	0.0
TCGA-EB-A3XE	min8_cov80	Min-8 + >=80% coverage	Top-percentile	5	Borda	0.0	0.0	0.0
TCGA-EB-A3XE	min8_cov80	Min-8 + >=80% coverage	Top-percentile	10	Borda	0.0	0.0	0.0
TCGA-EB-A3XE	min8_cov80	Min-8 + >=80% coverage	Top-percentile	20	Borda	0.0	0.0	0.0
TCGA-EB-A3XF	min8	Min-8 containment	Top-N	10	Borda	0.2	0.0	0.2
TCGA-EB-A3XF	min8	Min-8 containment	Top-N	20	Borda	0.25	0.0	0.25
TCGA-EB-A3XF	min8	Min-8 containment	Top-N	50	Borda	0.16	0.08	0.08
TCGA-EB-A3XF	min8	Min-8 containment	Top-percentile	1	Borda	0.0	0.0	0.0
TCGA-EB-A3XF	min8	Min-8 containment	Top-percentile	5	Borda	0.0	0.0	0.0
TCGA-EB-A3XF	min8	Min-8 containment	Top-percentile	10	Borda	0.2	0.0	0.2
TCGA-EB-A3XF	min8	Min-8 containment	Top-percentile	20	Borda	0.2631578947368421	0.0	0.2631578947368421
TCGA-EB-A3XF	min8_cov50	Min-8 + >=50% coverage	Top-N	10	Borda	0.1	0.0	0.1
TCGA-EB-A3XF	min8_cov50	Min-8 + >=50% coverage	Top-N	20	Borda	0.1	0.0	0.1
TCGA-EB-A3XF	min8_cov50	Min-8 + >=50% coverage	Top-N	50	Borda	0.06	0.02	0.039999999999999994
TCGA-EB-A3XF	min8_cov50	Min-8 + >=50% coverage	Top-percentile	1	Borda	0.0	0.0	0.0
TCGA-EB-A3XF	min8_cov50	Min-8 + >=50% coverage	Top-percentile	5	Borda	0.0	0.0	0.0
TCGA-EB-A3XF	min8_cov50	Min-8 + >=50% coverage	Top-percentile	10	Borda	0.1	0.0	0.1
TCGA-EB-A3XF	min8_cov50	Min-8 + >=50% coverage	Top-percentile	20	Borda	0.10526315789473684	0.0	0.10526315789473684
TCGA-EB-A3XF	min8_cov70	Min-8 + >=70% coverage	Top-N	10	Borda	0.0	0.0	0.0
TCGA-EB-A3XF	min8_cov70	Min-8 + >=70% coverage	Top-N	20	Borda	0.0	0.0	0.0
TCGA-EB-A3XF	min8_cov70	Min-8 + >=70% coverage	Top-N	50	Borda	0.02	0.02	0.0
TCGA-EB-A3XF	min8_cov70	Min-8 + >=70% coverage	Top-percentile	1	Borda	0.0	0.0	0.0
TCGA-EB-A3XF	min8_cov70	Min-8 + >=70% coverage	Top-percentile	5	Borda	0.0	0.0	0.0
TCGA-EB-A3XF	min8_cov70	Min-8 + >=70% coverage	Top-percentile	10	Borda	0.0	0.0	0.0
TCGA-EB-A3XF	min8_cov70	Min-8 + >=70% coverage	Top-percentile	20	Borda	0.0	0.0	0.0
TCGA-EB-A3XF	min8_cov80	Min-8 + >=80% coverage	Top-N	10	Borda	0.0	0.0	0.0
TCGA-EB-A3XF	min8_cov80	Min-8 + >=80% coverage	Top-N	20	Borda	0.0	0.0	0.0
TCGA-EB-A3XF	min8_cov80	Min-8 + >=80% coverage	Top-N	50	Borda	0.02	0.02	0.0
TCGA-EB-A3XF	min8_cov80	Min-8 + >=80% coverage	Top-percentile	1	Borda	0.0	0.0	0.0
TCGA-EB-A3XF	min8_cov80	Min-8 + >=80% coverage	Top-percentile	5	Borda	0.0	0.0	0.0
TCGA-EB-A3XF	min8_cov80	Min-8 + >=80% coverage	Top-percentile	10	Borda	0.0	0.0	0.0
TCGA-EB-A3XF	min8_cov80	Min-8 + >=80% coverage	Top-percentile	20	Borda	0.0	0.0	0.0
TCGA-EB-A41A	min8	Min-8 containment	Top-N	10	Borda	0.4	0.3	0.10000000000000003
TCGA-EB-A41A	min8	Min-8 containment	Top-N	20	Borda	0.35	0.3	0.04999999999999999
TCGA-EB-A41A	min8	Min-8 containment	Top-N	50	Borda	0.26	0.2	0.06
TCGA-EB-A41A	min8	Min-8 containment	Top-percentile	1	Borda	0.3333333333333333	0.3333333333333333	0.0
TCGA-EB-A41A	min8	Min-8 containment	Top-percentile	5	Borda	0.3333333333333333	0.3333333333333333	0.0
TCGA-EB-A41A	min8	Min-8 containment	Top-percentile	10	Borda	0.34782608695652173	0.34782608695652173	0.0
TCGA-EB-A41A	min8	Min-8 containment	Top-percentile	20	Borda	0.24444444444444444	0.2	0.044444444444444425
TCGA-EB-A41A	min8_cov50	Min-8 + >=50% coverage	Top-N	10	Borda	0.1	0.2	-0.1
TCGA-EB-A41A	min8_cov50	Min-8 + >=50% coverage	Top-N	20	Borda	0.05	0.1	-0.05
TCGA-EB-A41A	min8_cov50	Min-8 + >=50% coverage	Top-N	50	Borda	0.06	0.08	-0.020000000000000004
TCGA-EB-A41A	min8_cov50	Min-8 + >=50% coverage	Top-percentile	1	Borda	0.0	0.0	0.0
TCGA-EB-A41A	min8_cov50	Min-8 + >=50% coverage	Top-percentile	5	Borda	0.08333333333333333	0.16666666666666666	-0.08333333333333333
TCGA-EB-A41A	min8_cov50	Min-8 + >=50% coverage	Top-percentile	10	Borda	0.08695652173913043	0.17391304347826086	-0.08695652173913043
TCGA-EB-A41A	min8_cov50	Min-8 + >=50% coverage	Top-percentile	20	Borda	0.06666666666666667	0.08888888888888889	-0.022222222222222227
TCGA-EB-A41A	min8_cov70	Min-8 + >=70% coverage	Top-N	10	Borda	0.0	0.0	0.0
TCGA-EB-A41A	min8_cov70	Min-8 + >=70% coverage	Top-N	20	Borda	0.0	0.0	0.0
TCGA-EB-A41A	min8_cov70	Min-8 + >=70% coverage	Top-N	50	Borda	0.0	0.0	0.0
TCGA-EB-A41A	min8_cov70	Min-8 + >=70% coverage	Top-percentile	1	Borda	0.0	0.0	0.0
TCGA-EB-A41A	min8_cov70	Min-8 + >=70% coverage	Top-percentile	5	Borda	0.0	0.0	0.0
TCGA-EB-A41A	min8_cov70	Min-8 + >=70% coverage	Top-percentile	10	Borda	0.0	0.0	0.0
TCGA-EB-A41A	min8_cov70	Min-8 + >=70% coverage	Top-percentile	20	Borda	0.0	0.0	0.0
TCGA-EB-A41A	min8_cov80	Min-8 + >=80% coverage	Top-N	10	Borda	0.0	0.0	0.0
TCGA-EB-A41A	min8_cov80	Min-8 + >=80% coverage	Top-N	20	Borda	0.0	0.0	0.0
TCGA-EB-A41A	min8_cov80	Min-8 + >=80% coverage	Top-N	50	Borda	0.0	0.0	0.0
TCGA-EB-A41A	min8_cov80	Min-8 + >=80% coverage	Top-percentile	1	Borda	0.0	0.0	0.0
TCGA-EB-A41A	min8_cov80	Min-8 + >=80% coverage	Top-percentile	5	Borda	0.0	0.0	0.0
TCGA-EB-A41A	min8_cov80	Min-8 + >=80% coverage	Top-percentile	10	Borda	0.0	0.0	0.0
TCGA-EB-A41A	min8_cov80	Min-8 + >=80% coverage	Top-percentile	20	Borda	0.0	0.0	0.0
