ranking_method	ranking_label	ranking_column	direction
ic50	IC50	Median.MT.IC50.Score	lower_better
borda	Borda	Borda_Rank	lower_better
depmap_survivability	DepMap survivability	Depmap_survivability_score	lower_better
net_betweenness	Network betweenness	Net_Betweenness	higher_better
net_degree	Network degree	Net_Degree	higher_better
net_impact	Network impact	Net_Impact	higher_better
net_strength	Network strength	Net_Strength	higher_better
net_wci	Network WCI	Net_WCI	higher_better
tumor_dna_vaf	Tumor DNA VAF	Tumor DNA VAF	higher_better
