endpoint	endpoint_label	match_scope	match_scope_label	top_type	cutoff	ranking_method	ranking_label	ranking_column	ranking_direction	n_patients	median_delta_hit_rate_vs_ic50	mean_delta_hit_rate_vs_ic50	median_delta_hits_vs_ic50	sum_delta_hits_vs_ic50	patients_better_than_ic50	patients_same_as_ic50	patients_worse_than_ic50	median_method_hit_rate	median_ic50_hit_rate
strict_positive_experimental	Strict positive experimental evidence	relaxed_min8_peptide	Relaxed min-8 peptide match	percent	10	borda	Borda	Borda_Rank	lower_better	30	0.0	-0.006098356407953933	0.0	6	8	14	8	0.24415204678362573	0.2426470588235294
strict_positive_experimental	Strict positive experimental evidence	relaxed_min8_peptide	Relaxed min-8 peptide match	percent	10	depmap_survivability	DepMap survivability	Depmap_survivability_score	lower_better	30	0.0	0.029159121615037618	0.0	4	10	11	9	0.2899159663865546	0.2426470588235294
strict_positive_experimental	Strict positive experimental evidence	relaxed_min8_peptide	Relaxed min-8 peptide match	percent	10	net_betweenness	Network betweenness	Net_Betweenness	higher_better	30	0.0	0.027490140914558734	0.0	8	13	7	10	0.2857142857142857	0.2426470588235294
strict_positive_experimental	Strict positive experimental evidence	relaxed_min8_peptide	Relaxed min-8 peptide match	percent	10	net_degree	Network degree	Net_Degree	higher_better	30	0.02777777777777779	0.062339849792400606	0.5	8	15	5	10	0.3431372549019608	0.2426470588235294
strict_positive_experimental	Strict positive experimental evidence	relaxed_min8_peptide	Relaxed min-8 peptide match	percent	10	net_impact	Network impact	Net_Impact	higher_better	30	0.0	0.024465453657134907	0.0	7	13	8	9	0.3333333333333333	0.2426470588235294
strict_positive_experimental	Strict positive experimental evidence	relaxed_min8_peptide	Relaxed min-8 peptide match	percent	10	net_strength	Network strength	Net_Strength	higher_better	30	0.0	0.04870349975276613	0.0	11	13	8	9	0.36231884057971014	0.2426470588235294
strict_positive_experimental	Strict positive experimental evidence	relaxed_min8_peptide	Relaxed min-8 peptide match	percent	10	net_wci	Network WCI	Net_WCI	higher_better	30	0.0	-0.03235603864086836	0.0	-4	11	8	11	0.21764705882352942	0.2426470588235294
strict_positive_experimental	Strict positive experimental evidence	relaxed_min8_peptide	Relaxed min-8 peptide match	percent	10	tumor_dna_vaf	Tumor DNA VAF	Tumor DNA VAF	higher_better	30	0.021739130434782622	0.06515258443714494	0.5	7	15	8	7	0.3333333333333333	0.2426470588235294
strict_positive_experimental	Strict positive experimental evidence	relaxed_min8_peptide	Relaxed min-8 peptide match	percent	20	borda	Borda	Borda_Rank	lower_better	30	0.0	0.042752414486160614	0.0	19	14	8	8	0.2863636363636364	0.2
strict_positive_experimental	Strict positive experimental evidence	relaxed_min8_peptide	Relaxed min-8 peptide match	percent	20	depmap_survivability	DepMap survivability	Depmap_survivability_score	lower_better	30	0.06477732793522267	0.04179174152084369	1.0	20	17	5	8	0.3015151515151515	0.2
strict_positive_experimental	Strict positive experimental evidence	relaxed_min8_peptide	Relaxed min-8 peptide match	percent	20	net_betweenness	Network betweenness	Net_Betweenness	higher_better	30	0.0	0.02204331587458522	0.0	20	14	7	9	0.27884615384615385	0.2
strict_positive_experimental	Strict positive experimental evidence	relaxed_min8_peptide	Relaxed min-8 peptide match	percent	20	net_degree	Network degree	Net_Degree	higher_better	30	0.03598484848484848	0.03900179009312136	1.0	10	17	3	10	0.2967032967032967	0.2
strict_positive_experimental	Strict positive experimental evidence	relaxed_min8_peptide	Relaxed min-8 peptide match	percent	20	net_impact	Network impact	Net_Impact	higher_better	30	0.04060150375939847	0.03321591377318931	1.0	11	16	5	9	0.2761904761904762	0.2
strict_positive_experimental	Strict positive experimental evidence	relaxed_min8_peptide	Relaxed min-8 peptide match	percent	20	net_strength	Network strength	Net_Strength	higher_better	30	0.03809523809523807	0.02969583907664403	1.0	8	16	5	9	0.2761904761904762	0.2
strict_positive_experimental	Strict positive experimental evidence	relaxed_min8_peptide	Relaxed min-8 peptide match	percent	20	net_wci	Network WCI	Net_WCI	higher_better	30	0.0	-0.0009066541729080428	0.0	6	12	8	10	0.2365967365967366	0.2
strict_positive_experimental	Strict positive experimental evidence	relaxed_min8_peptide	Relaxed min-8 peptide match	percent	20	tumor_dna_vaf	Tumor DNA VAF	Tumor DNA VAF	higher_better	30	0.07147147147147145	0.051365709972521115	1.0	12	16	7	7	0.3333333333333333	0.2
strict_positive_experimental	Strict positive experimental evidence	relaxed_min8_peptide	Relaxed min-8 peptide match	percent	30	borda	Borda	Borda_Rank	lower_better	30	0.04423076923076924	0.04410216856694041	1.0	33	18	5	7	0.26785714285714285	0.2222222222222222
strict_positive_experimental	Strict positive experimental evidence	relaxed_min8_peptide	Relaxed min-8 peptide match	percent	30	depmap_survivability	DepMap survivability	Depmap_survivability_score	lower_better	30	0.08140756302521009	0.05198536023357967	1.0	34	20	3	7	0.28888888888888886	0.2222222222222222
strict_positive_experimental	Strict positive experimental evidence	relaxed_min8_peptide	Relaxed min-8 peptide match	percent	30	net_betweenness	Network betweenness	Net_Betweenness	higher_better	30	0.0	0.030647367127287144	0.0	26	14	6	10	0.25	0.2222222222222222
strict_positive_experimental	Strict positive experimental evidence	relaxed_min8_peptide	Relaxed min-8 peptide match	percent	30	net_degree	Network degree	Net_Degree	higher_better	30	0.024999999999999994	0.04366633529784181	0.5	28	15	5	10	0.2596153846153846	0.2222222222222222
strict_positive_experimental	Strict positive experimental evidence	relaxed_min8_peptide	Relaxed min-8 peptide match	percent	30	net_impact	Network impact	Net_Impact	higher_better	30	0.030023547880690754	0.05398158487945583	1.0	32	16	5	9	0.2669683257918552	0.2222222222222222
strict_positive_experimental	Strict positive experimental evidence	relaxed_min8_peptide	Relaxed min-8 peptide match	percent	30	net_strength	Network strength	Net_Strength	higher_better	30	0.030023547880690754	0.0497976124399053	1.0	29	16	5	9	0.25	0.2222222222222222
strict_positive_experimental	Strict positive experimental evidence	relaxed_min8_peptide	Relaxed min-8 peptide match	percent	30	net_wci	Network WCI	Net_WCI	higher_better	30	0.019819466248037695	0.031434066911560095	1.0	23	16	3	11	0.24107142857142858	0.2222222222222222
strict_positive_experimental	Strict positive experimental evidence	relaxed_min8_peptide	Relaxed min-8 peptide match	percent	30	tumor_dna_vaf	Tumor DNA VAF	Tumor DNA VAF	higher_better	30	0.03888888888888889	0.030932837797095304	1.0	13	16	6	8	0.25	0.2222222222222222
strict_positive_experimental	Strict positive experimental evidence	relaxed_min8_peptide	Relaxed min-8 peptide match	percent	40	borda	Borda	Borda_Rank	lower_better	30	0.05827702702702703	0.053861240051863775	1.5	46	20	4	6	0.27597903176071537	0.23240589198036007
strict_positive_experimental	Strict positive experimental evidence	relaxed_min8_peptide	Relaxed min-8 peptide match	percent	40	depmap_survivability	DepMap survivability	Depmap_survivability_score	lower_better	30	0.042307692307692296	0.05312675981560714	1.0	39	18	5	7	0.2653846153846154	0.23240589198036007
strict_positive_experimental	Strict positive experimental evidence	relaxed_min8_peptide	Relaxed min-8 peptide match	percent	40	net_betweenness	Network betweenness	Net_Betweenness	higher_better	30	0.028006267136701915	0.04291450833058048	1.5	36	16	6	8	0.2805383022774327	0.23240589198036007
strict_positive_experimental	Strict positive experimental evidence	relaxed_min8_peptide	Relaxed min-8 peptide match	percent	40	net_degree	Network degree	Net_Degree	higher_better	30	0.052777777777777785	0.05588498717423961	1.0	42	19	2	9	0.2697505197505198	0.23240589198036007
strict_positive_experimental	Strict positive experimental evidence	relaxed_min8_peptide	Relaxed min-8 peptide match	percent	40	net_impact	Network impact	Net_Impact	higher_better	30	0.05334281650071124	0.06312992842238281	1.0	49	18	3	9	0.2735966735966736	0.23240589198036007
strict_positive_experimental	Strict positive experimental evidence	relaxed_min8_peptide	Relaxed min-8 peptide match	percent	40	net_strength	Network strength	Net_Strength	higher_better	30	0.058230683090705476	0.0572698076281596	1.0	45	17	4	9	0.2774725274725275	0.23240589198036007
strict_positive_experimental	Strict positive experimental evidence	relaxed_min8_peptide	Relaxed min-8 peptide match	percent	40	net_wci	Network WCI	Net_WCI	higher_better	30	0.013157894736842105	0.04318556425425995	0.5	21	15	5	10	0.245	0.23240589198036007
strict_positive_experimental	Strict positive experimental evidence	relaxed_min8_peptide	Relaxed min-8 peptide match	percent	40	tumor_dna_vaf	Tumor DNA VAF	Tumor DNA VAF	higher_better	30	0.05263157894736842	0.040000629170059344	1.0	25	20	3	7	0.2620137299771167	0.23240589198036007
strict_positive_experimental	Strict positive experimental evidence	relaxed_min8_peptide	Relaxed min-8 peptide match	percent	50	borda	Borda	Borda_Rank	lower_better	30	0.02265745007680492	0.032035531747198344	1.0	30	17	3	10	0.2795138888888889	0.22179089026915114
strict_positive_experimental	Strict positive experimental evidence	relaxed_min8_peptide	Relaxed min-8 peptide match	percent	50	depmap_survivability	DepMap survivability	Depmap_survivability_score	lower_better	30	0.044060559006211183	0.02388091893252843	1.0	17	16	3	11	0.2608695652173913	0.22179089026915114
strict_positive_experimental	Strict positive experimental evidence	relaxed_min8_peptide	Relaxed min-8 peptide match	percent	50	net_betweenness	Network betweenness	Net_Betweenness	higher_better	30	0.01645225136071253	0.016707951836964406	1.0	15	16	2	12	0.25737126245847175	0.22179089026915114
strict_positive_experimental	Strict positive experimental evidence	relaxed_min8_peptide	Relaxed min-8 peptide match	percent	50	net_degree	Network degree	Net_Degree	higher_better	30	0.032574152542372864	0.03568950586174958	1.5	28	18	1	11	0.27657807308970095	0.22179089026915114
strict_positive_experimental	Strict positive experimental evidence	relaxed_min8_peptide	Relaxed min-8 peptide match	percent	50	net_impact	Network impact	Net_Impact	higher_better	30	0.03485576923076922	0.03897774336537676	1.0	35	18	3	9	0.2784503631961259	0.22179089026915114
strict_positive_experimental	Strict positive experimental evidence	relaxed_min8_peptide	Relaxed min-8 peptide match	percent	50	net_strength	Network strength	Net_Strength	higher_better	30	0.029869067103109645	0.03609777148297677	1.0	28	16	5	9	0.2662372517444981	0.22179089026915114
strict_positive_experimental	Strict positive experimental evidence	relaxed_min8_peptide	Relaxed min-8 peptide match	percent	50	net_wci	Network WCI	Net_WCI	higher_better	30	0.0	0.01668009160550564	0.0	6	14	2	14	0.25	0.22179089026915114
strict_positive_experimental	Strict positive experimental evidence	relaxed_min8_peptide	Relaxed min-8 peptide match	percent	50	tumor_dna_vaf	Tumor DNA VAF	Tumor DNA VAF	higher_better	30	0.021961063627730287	0.01154317321324328	1.0	1	16	2	12	0.24262873754152825	0.22179089026915114
strict_positive_experimental	Strict positive experimental evidence	relaxed_min8_peptide	Relaxed min-8 peptide match	percent	60	borda	Borda	Borda_Rank	lower_better	30	0.004807692307692318	0.005973645138362972	0.5	16	15	6	9	0.2615384615384615	0.22941970310391363
strict_positive_experimental	Strict positive experimental evidence	relaxed_min8_peptide	Relaxed min-8 peptide match	percent	60	depmap_survivability	DepMap survivability	Depmap_survivability_score	lower_better	30	0.0	0.01611474022610589	0.0	13	13	9	8	0.25783475783475784	0.22941970310391363
strict_positive_experimental	Strict positive experimental evidence	relaxed_min8_peptide	Relaxed min-8 peptide match	percent	60	net_betweenness	Network betweenness	Net_Betweenness	higher_better	30	0.0	-0.005291202786481697	0.0	6	14	4	12	0.25	0.22941970310391363
strict_positive_experimental	Strict positive experimental evidence	relaxed_min8_peptide	Relaxed min-8 peptide match	percent	60	net_degree	Network degree	Net_Degree	higher_better	30	0.0	0.017906058683315504	0.0	24	14	5	11	0.2671361502347418	0.22941970310391363
strict_positive_experimental	Strict positive experimental evidence	relaxed_min8_peptide	Relaxed min-8 peptide match	percent	60	net_impact	Network impact	Net_Impact	higher_better	30	0.004854368932038833	0.0127783384239368	0.5	19	15	4	11	0.26969009826152684	0.22941970310391363
strict_positive_experimental	Strict positive experimental evidence	relaxed_min8_peptide	Relaxed min-8 peptide match	percent	60	net_strength	Network strength	Net_Strength	higher_better	30	0.004807692307692318	0.0114393320307107	0.5	16	15	4	11	0.268291761148904	0.22941970310391363
strict_positive_experimental	Strict positive experimental evidence	relaxed_min8_peptide	Relaxed min-8 peptide match	percent	60	net_wci	Network WCI	Net_WCI	higher_better	30	0.0	-0.0019939312665168724	0.0	5	12	4	14	0.24662162162162163	0.22941970310391363
strict_positive_experimental	Strict positive experimental evidence	relaxed_min8_peptide	Relaxed min-8 peptide match	percent	60	tumor_dna_vaf	Tumor DNA VAF	Tumor DNA VAF	higher_better	30	-0.004854368932038847	-0.00803281194726422	-0.5	-16	9	6	15	0.24351851851851852	0.22941970310391363
strict_positive_experimental	Strict positive experimental evidence	relaxed_min8_peptide	Relaxed min-8 peptide match	topn	10	borda	Borda	Borda_Rank	lower_better	30	0.1	0.09000000000000001	1.0	27	17	7	6	0.35	0.2
strict_positive_experimental	Strict positive experimental evidence	relaxed_min8_peptide	Relaxed min-8 peptide match	topn	10	depmap_survivability	DepMap survivability	Depmap_survivability_score	lower_better	30	0.04999999999999999	0.07333333333333333	0.5	22	15	7	8	0.3	0.2
strict_positive_experimental	Strict positive experimental evidence	relaxed_min8_peptide	Relaxed min-8 peptide match	topn	10	net_betweenness	Network betweenness	Net_Betweenness	higher_better	30	0.0	0.02666666666666667	0.0	8	12	9	9	0.2	0.2
strict_positive_experimental	Strict positive experimental evidence	relaxed_min8_peptide	Relaxed min-8 peptide match	topn	10	net_degree	Network degree	Net_Degree	higher_better	30	0.04999999999999999	0.07	0.5	21	15	9	6	0.3	0.2
strict_positive_experimental	Strict positive experimental evidence	relaxed_min8_peptide	Relaxed min-8 peptide match	topn	10	net_impact	Network impact	Net_Impact	higher_better	30	0.04999999999999999	0.06333333333333332	0.5	19	15	9	6	0.3	0.2
strict_positive_experimental	Strict positive experimental evidence	relaxed_min8_peptide	Relaxed min-8 peptide match	topn	10	net_strength	Network strength	Net_Strength	higher_better	30	0.09999999999999998	0.07666666666666666	1.0	23	16	8	6	0.3	0.2
strict_positive_experimental	Strict positive experimental evidence	relaxed_min8_peptide	Relaxed min-8 peptide match	topn	10	net_wci	Network WCI	Net_WCI	higher_better	30	0.0	0.023333333333333338	0.0	7	11	10	9	0.2	0.2
strict_positive_experimental	Strict positive experimental evidence	relaxed_min8_peptide	Relaxed min-8 peptide match	topn	10	tumor_dna_vaf	Tumor DNA VAF	Tumor DNA VAF	higher_better	30	0.0	0.04000000000000001	0.0	12	13	10	7	0.3	0.2
strict_positive_experimental	Strict positive experimental evidence	relaxed_min8_peptide	Relaxed min-8 peptide match	topn	20	borda	Borda	Borda_Rank	lower_better	30	0.04999999999999999	0.034999999999999996	1.0	21	17	5	8	0.3	0.25
strict_positive_experimental	Strict positive experimental evidence	relaxed_min8_peptide	Relaxed min-8 peptide match	topn	20	depmap_survivability	DepMap survivability	Depmap_survivability_score	lower_better	30	0.0	0.02666666666666666	0.0	16	13	10	7	0.25	0.25
strict_positive_experimental	Strict positive experimental evidence	relaxed_min8_peptide	Relaxed min-8 peptide match	topn	20	net_betweenness	Network betweenness	Net_Betweenness	higher_better	30	0.0	0.021666666666666664	0.0	13	13	8	9	0.3	0.25
strict_positive_experimental	Strict positive experimental evidence	relaxed_min8_peptide	Relaxed min-8 peptide match	topn	20	net_degree	Network degree	Net_Degree	higher_better	30	0.0	0.016666666666666666	0.0	10	14	8	8	0.25	0.25
strict_positive_experimental	Strict positive experimental evidence	relaxed_min8_peptide	Relaxed min-8 peptide match	topn	20	net_impact	Network impact	Net_Impact	higher_better	30	0.0	0.025	0.0	15	14	9	7	0.25	0.25
strict_positive_experimental	Strict positive experimental evidence	relaxed_min8_peptide	Relaxed min-8 peptide match	topn	20	net_strength	Network strength	Net_Strength	higher_better	30	0.0	0.021666666666666667	0.0	13	14	9	7	0.25	0.25
strict_positive_experimental	Strict positive experimental evidence	relaxed_min8_peptide	Relaxed min-8 peptide match	topn	20	net_wci	Network WCI	Net_WCI	higher_better	30	0.0	0.014999999999999996	0.0	9	14	9	7	0.275	0.25
strict_positive_experimental	Strict positive experimental evidence	relaxed_min8_peptide	Relaxed min-8 peptide match	topn	20	tumor_dna_vaf	Tumor DNA VAF	Tumor DNA VAF	higher_better	30	0.024999999999999994	0.009999999999999998	0.5	6	15	6	9	0.25	0.25
strict_positive_experimental	Strict positive experimental evidence	relaxed_min8_peptide	Relaxed min-8 peptide match	topn	30	borda	Borda	Borda_Rank	lower_better	30	0.0	0.016666666666666666	0.0	15	10	14	6	0.26666666666666666	0.2554347826086957
strict_positive_experimental	Strict positive experimental evidence	relaxed_min8_peptide	Relaxed min-8 peptide match	topn	30	depmap_survivability	DepMap survivability	Depmap_survivability_score	lower_better	30	0.0	0.006666666666666662	0.0	6	10	10	10	0.2833333333333333	0.2554347826086957
strict_positive_experimental	Strict positive experimental evidence	relaxed_min8_peptide	Relaxed min-8 peptide match	topn	30	net_betweenness	Network betweenness	Net_Betweenness	higher_better	30	0.0	0.013333333333333332	0.0	12	12	10	8	0.263768115942029	0.2554347826086957
strict_positive_experimental	Strict positive experimental evidence	relaxed_min8_peptide	Relaxed min-8 peptide match	topn	30	net_degree	Network degree	Net_Degree	higher_better	30	0.0	-0.003333333333333332	0.0	-3	10	10	10	0.23333333333333334	0.2554347826086957
strict_positive_experimental	Strict positive experimental evidence	relaxed_min8_peptide	Relaxed min-8 peptide match	topn	30	net_impact	Network impact	Net_Impact	higher_better	30	0.0	0.007777777777777776	0.0	7	9	13	8	0.26666666666666666	0.2554347826086957
strict_positive_experimental	Strict positive experimental evidence	relaxed_min8_peptide	Relaxed min-8 peptide match	topn	30	net_strength	Network strength	Net_Strength	higher_better	30	0.0	-0.004444444444444445	0.0	-4	7	13	10	0.2554347826086957	0.2554347826086957
strict_positive_experimental	Strict positive experimental evidence	relaxed_min8_peptide	Relaxed min-8 peptide match	topn	30	net_wci	Network WCI	Net_WCI	higher_better	30	0.0	-0.0022222222222222227	0.0	-2	9	11	10	0.23333333333333334	0.2554347826086957
strict_positive_experimental	Strict positive experimental evidence	relaxed_min8_peptide	Relaxed min-8 peptide match	topn	30	tumor_dna_vaf	Tumor DNA VAF	Tumor DNA VAF	higher_better	30	0.0	-0.004444444444444447	0.0	-4	8	11	11	0.263768115942029	0.2554347826086957
strict_positive_experimental	Strict positive experimental evidence	relaxed_min8_peptide	Relaxed min-8 peptide match	topn	40	borda	Borda	Borda_Rank	lower_better	30	0.0	0.010833333333333334	0.0	13	10	14	6	0.25	0.25
strict_positive_experimental	Strict positive experimental evidence	relaxed_min8_peptide	Relaxed min-8 peptide match	topn	40	depmap_survivability	DepMap survivability	Depmap_survivability_score	lower_better	30	0.0	0.0066666666666666645	0.0	8	8	15	7	0.2554347826086957	0.25
strict_positive_experimental	Strict positive experimental evidence	relaxed_min8_peptide	Relaxed min-8 peptide match	topn	40	net_betweenness	Network betweenness	Net_Betweenness	higher_better	30	0.0	0.010833333333333334	0.0	13	10	12	8	0.25	0.25
strict_positive_experimental	Strict positive experimental evidence	relaxed_min8_peptide	Relaxed min-8 peptide match	topn	40	net_degree	Network degree	Net_Degree	higher_better	30	0.0	0.005	0.0	6	10	14	6	0.25	0.25
strict_positive_experimental	Strict positive experimental evidence	relaxed_min8_peptide	Relaxed min-8 peptide match	topn	40	net_impact	Network impact	Net_Impact	higher_better	30	0.0	0.009999999999999998	0.0	12	10	15	5	0.25	0.25
strict_positive_experimental	Strict positive experimental evidence	relaxed_min8_peptide	Relaxed min-8 peptide match	topn	40	net_strength	Network strength	Net_Strength	higher_better	30	0.0	0.006666666666666664	0.0	8	10	14	6	0.25	0.25
strict_positive_experimental	Strict positive experimental evidence	relaxed_min8_peptide	Relaxed min-8 peptide match	topn	40	net_wci	Network WCI	Net_WCI	higher_better	30	0.0	0.006666666666666665	0.0	8	10	12	8	0.25	0.25
strict_positive_experimental	Strict positive experimental evidence	relaxed_min8_peptide	Relaxed min-8 peptide match	topn	40	tumor_dna_vaf	Tumor DNA VAF	Tumor DNA VAF	higher_better	30	0.0	-0.005000000000000004	0.0	-6	7	15	8	0.23128342245989303	0.25
strict_positive_experimental	Strict positive experimental evidence	relaxed_min8_peptide	Relaxed min-8 peptide match	topn	50	borda	Borda	Borda_Rank	lower_better	30	0.0	0.01	0.0	15	7	18	5	0.26	0.2376470588235294
strict_positive_experimental	Strict positive experimental evidence	relaxed_min8_peptide	Relaxed min-8 peptide match	topn	50	depmap_survivability	DepMap survivability	Depmap_survivability_score	lower_better	30	0.0	0.008	0.0	12	8	16	6	0.255	0.2376470588235294
strict_positive_experimental	Strict positive experimental evidence	relaxed_min8_peptide	Relaxed min-8 peptide match	topn	50	net_betweenness	Network betweenness	Net_Betweenness	higher_better	30	0.0	0.00933333333333333	0.0	14	6	17	7	0.24	0.2376470588235294
strict_positive_experimental	Strict positive experimental evidence	relaxed_min8_peptide	Relaxed min-8 peptide match	topn	50	net_degree	Network degree	Net_Degree	higher_better	30	0.0	0.012666666666666666	0.0	19	7	18	5	0.26	0.2376470588235294
strict_positive_experimental	Strict positive experimental evidence	relaxed_min8_peptide	Relaxed min-8 peptide match	topn	50	net_impact	Network impact	Net_Impact	higher_better	30	0.0	0.01	0.0	15	7	19	4	0.24	0.2376470588235294
strict_positive_experimental	Strict positive experimental evidence	relaxed_min8_peptide	Relaxed min-8 peptide match	topn	50	net_strength	Network strength	Net_Strength	higher_better	30	0.0	0.009333333333333332	0.0	14	7	19	4	0.245	0.2376470588235294
strict_positive_experimental	Strict positive experimental evidence	relaxed_min8_peptide	Relaxed min-8 peptide match	topn	50	net_wci	Network WCI	Net_WCI	higher_better	30	0.0	0.003333333333333335	0.0	5	7	16	7	0.2376470588235294	0.2376470588235294
strict_positive_experimental	Strict positive experimental evidence	relaxed_min8_peptide	Relaxed min-8 peptide match	topn	50	tumor_dna_vaf	Tumor DNA VAF	Tumor DNA VAF	higher_better	30	0.0	-0.004666666666666665	0.0	-7	6	17	7	0.2376470588235294	0.2376470588235294
strict_positive_experimental	Strict positive experimental evidence	relaxed_min8_peptide_cov50	Relaxed min-8 + ≥50% longer-peptide coverage	percent	10	borda	Borda	Borda_Rank	lower_better	30	0.0	0.030886923060836107	0.0	2	10	13	7	0.05718954248366013	0.02631578947368421
strict_positive_experimental	Strict positive experimental evidence	relaxed_min8_peptide_cov50	Relaxed min-8 + ≥50% longer-peptide coverage	percent	10	depmap_survivability	DepMap survivability	Depmap_survivability_score	lower_better	30	0.0	0.030330844678670765	0.0	-2	7	15	8	0.0	0.02631578947368421
strict_positive_experimental	Strict positive experimental evidence	relaxed_min8_peptide_cov50	Relaxed min-8 + ≥50% longer-peptide coverage	percent	10	net_betweenness	Network betweenness	Net_Betweenness	higher_better	30	0.0	0.05910190204644371	0.0	5	10	14	6	0.027777777777777776	0.02631578947368421
strict_positive_experimental	Strict positive experimental evidence	relaxed_min8_peptide_cov50	Relaxed min-8 + ≥50% longer-peptide coverage	percent	10	net_degree	Network degree	Net_Degree	higher_better	30	0.02631578947368421	0.1000927630373047	0.5	11	15	9	6	0.10818713450292397	0.02631578947368421
strict_positive_experimental	Strict positive experimental evidence	relaxed_min8_peptide_cov50	Relaxed min-8 + ≥50% longer-peptide coverage	percent	10	net_impact	Network impact	Net_Impact	higher_better	30	0.0	0.06080129765888279	0.0	8	13	10	7	0.1	0.02631578947368421
strict_positive_experimental	Strict positive experimental evidence	relaxed_min8_peptide_cov50	Relaxed min-8 + ≥50% longer-peptide coverage	percent	10	net_strength	Network strength	Net_Strength	higher_better	30	0.0	0.06958125408589805	0.0	7	12	11	7	0.09166666666666667	0.02631578947368421
strict_positive_experimental	Strict positive experimental evidence	relaxed_min8_peptide_cov50	Relaxed min-8 + ≥50% longer-peptide coverage	percent	10	net_wci	Network WCI	Net_WCI	higher_better	30	0.0	0.03866178660632826	0.0	3	9	14	7	0.07107843137254902	0.02631578947368421
strict_positive_experimental	Strict positive experimental evidence	relaxed_min8_peptide_cov50	Relaxed min-8 + ≥50% longer-peptide coverage	percent	10	tumor_dna_vaf	Tumor DNA VAF	Tumor DNA VAF	higher_better	30	0.0	0.008139135782829416	0.0	0	9	13	8	0.0	0.02631578947368421
strict_positive_experimental	Strict positive experimental evidence	relaxed_min8_peptide_cov50	Relaxed min-8 + ≥50% longer-peptide coverage	percent	20	borda	Borda	Borda_Rank	lower_better	30	0.0	0.020706025597666468	0.0	5	12	10	8	0.1	0.08452380952380953
strict_positive_experimental	Strict positive experimental evidence	relaxed_min8_peptide_cov50	Relaxed min-8 + ≥50% longer-peptide coverage	percent	20	depmap_survivability	DepMap survivability	Depmap_survivability_score	lower_better	30	0.0	0.02891370273723215	0.0	5	12	10	8	0.08957219251336898	0.08452380952380953
strict_positive_experimental	Strict positive experimental evidence	relaxed_min8_peptide_cov50	Relaxed min-8 + ≥50% longer-peptide coverage	percent	20	net_betweenness	Network betweenness	Net_Betweenness	higher_better	30	0.0	0.023953132118766797	0.0	12	10	14	6	0.08856209150326798	0.08452380952380953
strict_positive_experimental	Strict positive experimental evidence	relaxed_min8_peptide_cov50	Relaxed min-8 + ≥50% longer-peptide coverage	percent	20	net_degree	Network degree	Net_Degree	higher_better	30	0.0	0.031146014458707957	0.0	7	14	8	8	0.10555555555555556	0.08452380952380953
strict_positive_experimental	Strict positive experimental evidence	relaxed_min8_peptide_cov50	Relaxed min-8 + ≥50% longer-peptide coverage	percent	20	net_impact	Network impact	Net_Impact	higher_better	30	0.0	0.02952524862741581	0.0	9	13	9	8	0.11269841269841269	0.08452380952380953
strict_positive_experimental	Strict positive experimental evidence	relaxed_min8_peptide_cov50	Relaxed min-8 + ≥50% longer-peptide coverage	percent	20	net_strength	Network strength	Net_Strength	higher_better	30	0.0	0.026906074831771428	0.0	7	13	9	8	0.11269841269841269	0.08452380952380953
strict_positive_experimental	Strict positive experimental evidence	relaxed_min8_peptide_cov50	Relaxed min-8 + ≥50% longer-peptide coverage	percent	20	net_wci	Network WCI	Net_WCI	higher_better	30	0.0	0.0026186628973006707	0.0	1	10	12	8	0.09761904761904762	0.08452380952380953
strict_positive_experimental	Strict positive experimental evidence	relaxed_min8_peptide_cov50	Relaxed min-8 + ≥50% longer-peptide coverage	percent	20	tumor_dna_vaf	Tumor DNA VAF	Tumor DNA VAF	higher_better	30	0.0	0.010726807986869907	0.0	2	13	8	9	0.09545454545454546	0.08452380952380953
strict_positive_experimental	Strict positive experimental evidence	relaxed_min8_peptide_cov50	Relaxed min-8 + ≥50% longer-peptide coverage	percent	30	borda	Borda	Borda_Rank	lower_better	30	0.016281512605042014	0.045480641751650154	1.0	22	16	9	5	0.10529556650246305	0.06904761904761905
strict_positive_experimental	Strict positive experimental evidence	relaxed_min8_peptide_cov50	Relaxed min-8 + ≥50% longer-peptide coverage	percent	30	depmap_survivability	DepMap survivability	Depmap_survivability_score	lower_better	30	0.01715686274509804	0.03707331243190414	1.0	17	16	8	6	0.0784313725490196	0.06904761904761905
strict_positive_experimental	Strict positive experimental evidence	relaxed_min8_peptide_cov50	Relaxed min-8 + ≥50% longer-peptide coverage	percent	30	net_betweenness	Network betweenness	Net_Betweenness	higher_better	30	0.0	0.03138545764070974	0.0	22	12	12	6	0.09411764705882353	0.06904761904761905
strict_positive_experimental	Strict positive experimental evidence	relaxed_min8_peptide_cov50	Relaxed min-8 + ≥50% longer-peptide coverage	percent	30	net_degree	Network degree	Net_Degree	higher_better	30	0.02350427350427351	0.04933964805813545	1.0	28	17	7	6	0.1111111111111111	0.06904761904761905
strict_positive_experimental	Strict positive experimental evidence	relaxed_min8_peptide_cov50	Relaxed min-8 + ≥50% longer-peptide coverage	percent	30	net_impact	Network impact	Net_Impact	higher_better	30	0.009615384615384616	0.05365036476906225	0.5	26	15	10	5	0.11324786324786325	0.06904761904761905
strict_positive_experimental	Strict positive experimental evidence	relaxed_min8_peptide_cov50	Relaxed min-8 + ≥50% longer-peptide coverage	percent	30	net_strength	Network strength	Net_Strength	higher_better	30	0.01923076923076924	0.054370097106441646	1.0	28	17	9	4	0.1111111111111111	0.06904761904761905
strict_positive_experimental	Strict positive experimental evidence	relaxed_min8_peptide_cov50	Relaxed min-8 + ≥50% longer-peptide coverage	percent	30	net_wci	Network WCI	Net_WCI	higher_better	30	0.0	0.030816450317500736	0.0	20	12	10	8	0.10172413793103449	0.06904761904761905
strict_positive_experimental	Strict positive experimental evidence	relaxed_min8_peptide_cov50	Relaxed min-8 + ≥50% longer-peptide coverage	percent	30	tumor_dna_vaf	Tumor DNA VAF	Tumor DNA VAF	higher_better	30	0.0	0.01014165272115866	0.0	10	13	8	9	0.07653061224489796	0.06904761904761905
strict_positive_experimental	Strict positive experimental evidence	relaxed_min8_peptide_cov50	Relaxed min-8 + ≥50% longer-peptide coverage	percent	40	borda	Borda	Borda_Rank	lower_better	30	0.0	0.022974717403279422	0.0	23	14	11	5	0.10319148936170214	0.07054848966613672
strict_positive_experimental	Strict positive experimental evidence	relaxed_min8_peptide_cov50	Relaxed min-8 + ≥50% longer-peptide coverage	percent	40	depmap_survivability	DepMap survivability	Depmap_survivability_score	lower_better	30	0.005555555555555557	0.019654062624143934	0.5	15	15	6	9	0.09166666666666667	0.07054848966613672
strict_positive_experimental	Strict positive experimental evidence	relaxed_min8_peptide_cov50	Relaxed min-8 + ≥50% longer-peptide coverage	percent	40	net_betweenness	Network betweenness	Net_Betweenness	higher_better	30	0.0	0.008683502573977797	0.0	19	13	9	8	0.10072463768115943	0.07054848966613672
strict_positive_experimental	Strict positive experimental evidence	relaxed_min8_peptide_cov50	Relaxed min-8 + ≥50% longer-peptide coverage	percent	40	net_degree	Network degree	Net_Degree	higher_better	30	0.017884674683934634	0.03482006549862752	1.0	28	16	8	6	0.10724554341575618	0.07054848966613672
strict_positive_experimental	Strict positive experimental evidence	relaxed_min8_peptide_cov50	Relaxed min-8 + ≥50% longer-peptide coverage	percent	40	net_impact	Network impact	Net_Impact	higher_better	30	0.029824561403508774	0.026015886481768464	1.0	30	17	8	5	0.1201923076923077	0.07054848966613672
strict_positive_experimental	Strict positive experimental evidence	relaxed_min8_peptide_cov50	Relaxed min-8 + ≥50% longer-peptide coverage	percent	40	net_strength	Network strength	Net_Strength	higher_better	30	0.032388663967611336	0.026430916896798877	1.0	33	17	8	5	0.12192192192192192	0.07054848966613672
strict_positive_experimental	Strict positive experimental evidence	relaxed_min8_peptide_cov50	Relaxed min-8 + ≥50% longer-peptide coverage	percent	40	net_wci	Network WCI	Net_WCI	higher_better	30	0.0	0.014192121057936597	0.0	16	12	10	8	0.10144927536231885	0.07054848966613672
strict_positive_experimental	Strict positive experimental evidence	relaxed_min8_peptide_cov50	Relaxed min-8 + ≥50% longer-peptide coverage	percent	40	tumor_dna_vaf	Tumor DNA VAF	Tumor DNA VAF	higher_better	30	0.0	0.0020619335341685676	0.0	11	12	10	8	0.09615384615384616	0.07054848966613672
strict_positive_experimental	Strict positive experimental evidence	relaxed_min8_peptide_cov50	Relaxed min-8 + ≥50% longer-peptide coverage	percent	50	borda	Borda	Borda_Rank	lower_better	30	0.0058139534883720895	0.0144423284453203	0.5	21	15	9	6	0.10932203389830508	0.08069767441860465
strict_positive_experimental	Strict positive experimental evidence	relaxed_min8_peptide_cov50	Relaxed min-8 + ≥50% longer-peptide coverage	percent	50	depmap_survivability	DepMap survivability	Depmap_survivability_score	lower_better	30	0.0	0.00427619472222648	0.0	6	14	6	10	0.08514492753623187	0.08069767441860465
strict_positive_experimental	Strict positive experimental evidence	relaxed_min8_peptide_cov50	Relaxed min-8 + ≥50% longer-peptide coverage	percent	50	net_betweenness	Network betweenness	Net_Betweenness	higher_better	30	0.0	-0.0008461170904068713	0.0	8	11	10	9	0.10232558139534884	0.08069767441860465
strict_positive_experimental	Strict positive experimental evidence	relaxed_min8_peptide_cov50	Relaxed min-8 + ≥50% longer-peptide coverage	percent	50	net_degree	Network degree	Net_Degree	higher_better	30	0.0	0.0241405174937101	0.0	23	14	10	6	0.0992345544013122	0.08069767441860465
strict_positive_experimental	Strict positive experimental evidence	relaxed_min8_peptide_cov50	Relaxed min-8 + ≥50% longer-peptide coverage	percent	50	net_impact	Network impact	Net_Impact	higher_better	30	0.004464285714285712	0.015684145375382093	0.5	25	15	9	6	0.10811126694717157	0.08069767441860465
strict_positive_experimental	Strict positive experimental evidence	relaxed_min8_peptide_cov50	Relaxed min-8 + ≥50% longer-peptide coverage	percent	50	net_strength	Network strength	Net_Strength	higher_better	30	0.0	0.01432484786466901	0.0	23	14	11	5	0.11190297574393598	0.08069767441860465
strict_positive_experimental	Strict positive experimental evidence	relaxed_min8_peptide_cov50	Relaxed min-8 + ≥50% longer-peptide coverage	percent	50	net_wci	Network WCI	Net_WCI	higher_better	30	0.0	0.005145127325334767	0.0	12	13	10	7	0.10008305647840532	0.08069767441860465
strict_positive_experimental	Strict positive experimental evidence	relaxed_min8_peptide_cov50	Relaxed min-8 + ≥50% longer-peptide coverage	percent	50	tumor_dna_vaf	Tumor DNA VAF	Tumor DNA VAF	higher_better	30	0.0	-0.008518475581401704	0.0	-1	10	8	12	0.08403954802259886	0.08069767441860465
strict_positive_experimental	Strict positive experimental evidence	relaxed_min8_peptide_cov50	Relaxed min-8 + ≥50% longer-peptide coverage	percent	60	borda	Borda	Borda_Rank	lower_better	30	0.0	0.005085662287105486	0.0	17	14	9	7	0.10288461538461538	0.08974358974358974
strict_positive_experimental	Strict positive experimental evidence	relaxed_min8_peptide_cov50	Relaxed min-8 + ≥50% longer-peptide coverage	percent	60	depmap_survivability	DepMap survivability	Depmap_survivability_score	lower_better	30	0.0	-0.0009452754325573164	0.0	4	10	10	10	0.09206349206349207	0.08974358974358974
strict_positive_experimental	Strict positive experimental evidence	relaxed_min8_peptide_cov50	Relaxed min-8 + ≥50% longer-peptide coverage	percent	60	net_betweenness	Network betweenness	Net_Betweenness	higher_better	30	0.0	-0.010146921800616543	0.0	0	9	8	13	0.08830409356725147	0.08974358974358974
strict_positive_experimental	Strict positive experimental evidence	relaxed_min8_peptide_cov50	Relaxed min-8 + ≥50% longer-peptide coverage	percent	60	net_degree	Network degree	Net_Degree	higher_better	30	0.0	0.012727653715765674	0.0	19	14	10	6	0.09744392279603548	0.08974358974358974
strict_positive_experimental	Strict positive experimental evidence	relaxed_min8_peptide_cov50	Relaxed min-8 + ≥50% longer-peptide coverage	percent	60	net_impact	Network impact	Net_Impact	higher_better	30	0.0	0.003840027896897494	0.0	17	13	12	5	0.10628267363704257	0.08974358974358974
strict_positive_experimental	Strict positive experimental evidence	relaxed_min8_peptide_cov50	Relaxed min-8 + ≥50% longer-peptide coverage	percent	60	net_strength	Network strength	Net_Strength	higher_better	30	0.0	0.00384313967185393	0.0	17	13	12	5	0.10555555555555556	0.08974358974358974
strict_positive_experimental	Strict positive experimental evidence	relaxed_min8_peptide_cov50	Relaxed min-8 + ≥50% longer-peptide coverage	percent	60	net_wci	Network WCI	Net_WCI	higher_better	30	0.0	-0.0007909538504609387	0.0	14	14	9	7	0.09807692307692309	0.08974358974358974
strict_positive_experimental	Strict positive experimental evidence	relaxed_min8_peptide_cov50	Relaxed min-8 + ≥50% longer-peptide coverage	percent	60	tumor_dna_vaf	Tumor DNA VAF	Tumor DNA VAF	higher_better	30	0.0	-0.015607027661637022	0.0	-9	8	11	11	0.07677677677677677	0.08974358974358974
strict_positive_experimental	Strict positive experimental evidence	relaxed_min8_peptide_cov50	Relaxed min-8 + ≥50% longer-peptide coverage	topn	10	borda	Borda	Borda_Rank	lower_better	30	0.0	0.02	0.0	6	11	12	7	0.1	0.1
strict_positive_experimental	Strict positive experimental evidence	relaxed_min8_peptide_cov50	Relaxed min-8 + ≥50% longer-peptide coverage	topn	10	depmap_survivability	DepMap survivability	Depmap_survivability_score	lower_better	30	0.0	0.013333333333333334	0.0	4	9	14	7	0.1	0.1
strict_positive_experimental	Strict positive experimental evidence	relaxed_min8_peptide_cov50	Relaxed min-8 + ≥50% longer-peptide coverage	topn	10	net_betweenness	Network betweenness	Net_Betweenness	higher_better	30	0.0	-0.0033333333333333344	0.0	-1	6	16	8	0.1	0.1
strict_positive_experimental	Strict positive experimental evidence	relaxed_min8_peptide_cov50	Relaxed min-8 + ≥50% longer-peptide coverage	topn	10	net_degree	Network degree	Net_Degree	higher_better	30	0.0	0.030000000000000002	0.0	9	10	16	4	0.1	0.1
strict_positive_experimental	Strict positive experimental evidence	relaxed_min8_peptide_cov50	Relaxed min-8 + ≥50% longer-peptide coverage	topn	10	net_impact	Network impact	Net_Impact	higher_better	30	0.0	0.02666666666666667	0.0	8	11	13	6	0.1	0.1
strict_positive_experimental	Strict positive experimental evidence	relaxed_min8_peptide_cov50	Relaxed min-8 + ≥50% longer-peptide coverage	topn	10	net_strength	Network strength	Net_Strength	higher_better	30	0.0	0.03666666666666667	0.0	11	12	12	6	0.1	0.1
strict_positive_experimental	Strict positive experimental evidence	relaxed_min8_peptide_cov50	Relaxed min-8 + ≥50% longer-peptide coverage	topn	10	net_wci	Network WCI	Net_WCI	higher_better	30	0.0	0.013333333333333334	0.0	4	8	16	6	0.1	0.1
strict_positive_experimental	Strict positive experimental evidence	relaxed_min8_peptide_cov50	Relaxed min-8 + ≥50% longer-peptide coverage	topn	10	tumor_dna_vaf	Tumor DNA VAF	Tumor DNA VAF	higher_better	30	0.0	0.0	0.0	0	6	18	6	0.1	0.1
strict_positive_experimental	Strict positive experimental evidence	relaxed_min8_peptide_cov50	Relaxed min-8 + ≥50% longer-peptide coverage	topn	20	borda	Borda	Borda_Rank	lower_better	30	0.0	0.014999999999999998	0.0	9	11	12	7	0.1	0.1
strict_positive_experimental	Strict positive experimental evidence	relaxed_min8_peptide_cov50	Relaxed min-8 + ≥50% longer-peptide coverage	topn	20	depmap_survivability	DepMap survivability	Depmap_survivability_score	lower_better	30	0.0	0.0033333333333333322	0.0	2	9	13	8	0.09166666666666667	0.1
strict_positive_experimental	Strict positive experimental evidence	relaxed_min8_peptide_cov50	Relaxed min-8 + ≥50% longer-peptide coverage	topn	20	net_betweenness	Network betweenness	Net_Betweenness	higher_better	30	0.0	0.01833333333333333	0.0	11	13	10	7	0.1	0.1
strict_positive_experimental	Strict positive experimental evidence	relaxed_min8_peptide_cov50	Relaxed min-8 + ≥50% longer-peptide coverage	topn	20	net_degree	Network degree	Net_Degree	higher_better	30	0.0	0.011666666666666664	0.0	7	13	9	8	0.1	0.1
strict_positive_experimental	Strict positive experimental evidence	relaxed_min8_peptide_cov50	Relaxed min-8 + ≥50% longer-peptide coverage	topn	20	net_impact	Network impact	Net_Impact	higher_better	30	0.0	0.018333333333333326	0.0	11	13	11	6	0.1	0.1
strict_positive_experimental	Strict positive experimental evidence	relaxed_min8_peptide_cov50	Relaxed min-8 + ≥50% longer-peptide coverage	topn	20	net_strength	Network strength	Net_Strength	higher_better	30	0.0	0.01333333333333333	0.0	8	13	11	6	0.1	0.1
strict_positive_experimental	Strict positive experimental evidence	relaxed_min8_peptide_cov50	Relaxed min-8 + ≥50% longer-peptide coverage	topn	20	net_wci	Network WCI	Net_WCI	higher_better	30	0.0	0.011666666666666664	0.0	7	12	12	6	0.1	0.1
strict_positive_experimental	Strict positive experimental evidence	relaxed_min8_peptide_cov50	Relaxed min-8 + ≥50% longer-peptide coverage	topn	20	tumor_dna_vaf	Tumor DNA VAF	Tumor DNA VAF	higher_better	30	0.0	0.0	0.0	0	8	12	10	0.09166666666666667	0.1
strict_positive_experimental	Strict positive experimental evidence	relaxed_min8_peptide_cov50	Relaxed min-8 + ≥50% longer-peptide coverage	topn	30	borda	Borda	Borda_Rank	lower_better	30	0.0	0.007777777777777777	0.0	7	9	16	5	0.1	0.1
strict_positive_experimental	Strict positive experimental evidence	relaxed_min8_peptide_cov50	Relaxed min-8 + ≥50% longer-peptide coverage	topn	30	depmap_survivability	DepMap survivability	Depmap_survivability_score	lower_better	30	0.0	-1.8503717077085942e-18	0.0	0	9	14	7	0.07738095238095238	0.1
strict_positive_experimental	Strict positive experimental evidence	relaxed_min8_peptide_cov50	Relaxed min-8 + ≥50% longer-peptide coverage	topn	30	net_betweenness	Network betweenness	Net_Betweenness	higher_better	30	0.0	0.016666666666666666	0.0	15	7	19	4	0.1	0.1
strict_positive_experimental	Strict positive experimental evidence	relaxed_min8_peptide_cov50	Relaxed min-8 + ≥50% longer-peptide coverage	topn	30	net_degree	Network degree	Net_Degree	higher_better	30	0.0	0.0077777777777777776	0.0	7	9	14	7	0.1	0.1
strict_positive_experimental	Strict positive experimental evidence	relaxed_min8_peptide_cov50	Relaxed min-8 + ≥50% longer-peptide coverage	topn	30	net_impact	Network impact	Net_Impact	higher_better	30	0.0	0.009999999999999998	0.0	9	8	16	6	0.1	0.1
strict_positive_experimental	Strict positive experimental evidence	relaxed_min8_peptide_cov50	Relaxed min-8 + ≥50% longer-peptide coverage	topn	30	net_strength	Network strength	Net_Strength	higher_better	30	0.0	0.005555555555555554	0.0	5	7	18	5	0.1	0.1
strict_positive_experimental	Strict positive experimental evidence	relaxed_min8_peptide_cov50	Relaxed min-8 + ≥50% longer-peptide coverage	topn	30	net_wci	Network WCI	Net_WCI	higher_better	30	0.0	0.0011111111111111113	0.0	1	6	16	8	0.1	0.1
strict_positive_experimental	Strict positive experimental evidence	relaxed_min8_peptide_cov50	Relaxed min-8 + ≥50% longer-peptide coverage	topn	30	tumor_dna_vaf	Tumor DNA VAF	Tumor DNA VAF	higher_better	30	0.0	-0.011111111111111112	0.0	-10	5	16	9	0.06666666666666667	0.1
strict_positive_experimental	Strict positive experimental evidence	relaxed_min8_peptide_cov50	Relaxed min-8 + ≥50% longer-peptide coverage	topn	40	borda	Borda	Borda_Rank	lower_better	30	0.0	0.005833333333333334	0.0	7	7	18	5	0.08452380952380953	0.08697478991596638
strict_positive_experimental	Strict positive experimental evidence	relaxed_min8_peptide_cov50	Relaxed min-8 + ≥50% longer-peptide coverage	topn	40	depmap_survivability	DepMap survivability	Depmap_survivability_score	lower_better	30	0.0	2.312964634635743e-19	0.0	0	7	16	7	0.08452380952380953	0.08697478991596638
strict_positive_experimental	Strict positive experimental evidence	relaxed_min8_peptide_cov50	Relaxed min-8 + ≥50% longer-peptide coverage	topn	40	net_betweenness	Network betweenness	Net_Betweenness	higher_better	30	0.0	0.010000000000000002	0.0	12	7	18	5	0.08957219251336898	0.08697478991596638
strict_positive_experimental	Strict positive experimental evidence	relaxed_min8_peptide_cov50	Relaxed min-8 + ≥50% longer-peptide coverage	topn	40	net_degree	Network degree	Net_Degree	higher_better	30	0.0	0.010000000000000002	0.0	12	8	20	2	0.09545454545454546	0.08697478991596638
strict_positive_experimental	Strict positive experimental evidence	relaxed_min8_peptide_cov50	Relaxed min-8 + ≥50% longer-peptide coverage	topn	40	net_impact	Network impact	Net_Impact	higher_better	30	0.0	0.007500000000000001	0.0	9	7	19	4	0.09545454545454546	0.08697478991596638
strict_positive_experimental	Strict positive experimental evidence	relaxed_min8_peptide_cov50	Relaxed min-8 + ≥50% longer-peptide coverage	topn	40	net_strength	Network strength	Net_Strength	higher_better	30	0.0	0.008333333333333333	0.0	10	9	18	3	0.1	0.08697478991596638
strict_positive_experimental	Strict positive experimental evidence	relaxed_min8_peptide_cov50	Relaxed min-8 + ≥50% longer-peptide coverage	topn	40	net_wci	Network WCI	Net_WCI	higher_better	30	0.0	0.000833333333333333	0.0	1	4	20	6	0.08697478991596638	0.08697478991596638
strict_positive_experimental	Strict positive experimental evidence	relaxed_min8_peptide_cov50	Relaxed min-8 + ≥50% longer-peptide coverage	topn	40	tumor_dna_vaf	Tumor DNA VAF	Tumor DNA VAF	higher_better	30	0.0	-0.005833333333333333	0.0	-7	6	17	7	0.07916666666666666	0.08697478991596638
strict_positive_experimental	Strict positive experimental evidence	relaxed_min8_peptide_cov50	Relaxed min-8 + ≥50% longer-peptide coverage	topn	50	borda	Borda	Borda_Rank	lower_better	30	0.0	0.0059999999999999975	0.0	9	7	19	4	0.08452380952380953	0.08
strict_positive_experimental	Strict positive experimental evidence	relaxed_min8_peptide_cov50	Relaxed min-8 + ≥50% longer-peptide coverage	topn	50	depmap_survivability	DepMap survivability	Depmap_survivability_score	lower_better	30	0.0	0.004	0.0	6	7	18	5	0.08452380952380953	0.08
strict_positive_experimental	Strict positive experimental evidence	relaxed_min8_peptide_cov50	Relaxed min-8 + ≥50% longer-peptide coverage	topn	50	net_betweenness	Network betweenness	Net_Betweenness	higher_better	30	0.0	0.007999999999999998	0.0	12	6	20	4	0.08697478991596638	0.08
strict_positive_experimental	Strict positive experimental evidence	relaxed_min8_peptide_cov50	Relaxed min-8 + ≥50% longer-peptide coverage	topn	50	net_degree	Network degree	Net_Degree	higher_better	30	0.0	0.015333333333333332	0.0	23	9	19	2	0.1	0.08
strict_positive_experimental	Strict positive experimental evidence	relaxed_min8_peptide_cov50	Relaxed min-8 + ≥50% longer-peptide coverage	topn	50	net_impact	Network impact	Net_Impact	higher_better	30	0.0	0.011333333333333332	0.0	17	8	20	2	0.1	0.08
strict_positive_experimental	Strict positive experimental evidence	relaxed_min8_peptide_cov50	Relaxed min-8 + ≥50% longer-peptide coverage	topn	50	net_strength	Network strength	Net_Strength	higher_better	30	0.0	0.012666666666666666	0.0	19	8	20	2	0.1	0.08
strict_positive_experimental	Strict positive experimental evidence	relaxed_min8_peptide_cov50	Relaxed min-8 + ≥50% longer-peptide coverage	topn	50	net_wci	Network WCI	Net_WCI	higher_better	30	0.0	0.005999999999999999	0.0	9	6	20	4	0.08697478991596638	0.08
strict_positive_experimental	Strict positive experimental evidence	relaxed_min8_peptide_cov50	Relaxed min-8 + ≥50% longer-peptide coverage	topn	50	tumor_dna_vaf	Tumor DNA VAF	Tumor DNA VAF	higher_better	30	0.0	0.002666666666666666	0.0	4	6	19	5	0.08697478991596638	0.08
strict_positive_experimental	Strict positive experimental evidence	relaxed_min8_peptide_cov70	Relaxed min-8 + ≥70% longer-peptide coverage	percent	10	borda	Borda	Borda_Rank	lower_better	30	0.0	0.021611627106983146	0.0	3	3	26	1	0.0	0.0
strict_positive_experimental	Strict positive experimental evidence	relaxed_min8_peptide_cov70	Relaxed min-8 + ≥70% longer-peptide coverage	percent	10	depmap_survivability	DepMap survivability	Depmap_survivability_score	lower_better	30	0.0	0.03475977525513129	0.0	3	4	24	2	0.0	0.0
strict_positive_experimental	Strict positive experimental evidence	relaxed_min8_peptide_cov70	Relaxed min-8 + ≥70% longer-peptide coverage	percent	10	net_betweenness	Network betweenness	Net_Betweenness	higher_better	30	0.0	0.022722738218094254	0.0	4	5	23	2	0.0	0.0
strict_positive_experimental	Strict positive experimental evidence	relaxed_min8_peptide_cov70	Relaxed min-8 + ≥70% longer-peptide coverage	percent	10	net_degree	Network degree	Net_Degree	higher_better	30	0.0	0.046112093960391176	0.0	7	7	21	2	0.0	0.0
strict_positive_experimental	Strict positive experimental evidence	relaxed_min8_peptide_cov70	Relaxed min-8 + ≥70% longer-peptide coverage	percent	10	net_impact	Network impact	Net_Impact	higher_better	30	0.0	0.04135018919848642	0.0	6	6	22	2	0.0	0.0
strict_positive_experimental	Strict positive experimental evidence	relaxed_min8_peptide_cov70	Relaxed min-8 + ≥70% longer-peptide coverage	percent	10	net_strength	Network strength	Net_Strength	higher_better	30	0.0	0.03753755303290907	0.0	4	5	23	2	0.0	0.0
strict_positive_experimental	Strict positive experimental evidence	relaxed_min8_peptide_cov70	Relaxed min-8 + ≥70% longer-peptide coverage	percent	10	net_wci	Network WCI	Net_WCI	higher_better	30	0.0	0.03033867348108834	0.0	4	5	23	2	0.0	0.0
strict_positive_experimental	Strict positive experimental evidence	relaxed_min8_peptide_cov70	Relaxed min-8 + ≥70% longer-peptide coverage	percent	10	tumor_dna_vaf	Tumor DNA VAF	Tumor DNA VAF	higher_better	30	0.0	0.001253097221599039	0.0	1	2	26	2	0.0	0.0
strict_positive_experimental	Strict positive experimental evidence	relaxed_min8_peptide_cov70	Relaxed min-8 + ≥70% longer-peptide coverage	percent	20	borda	Borda	Borda_Rank	lower_better	30	0.0	0.02084152334152334	0.0	3	4	24	2	0.0	0.0
strict_positive_experimental	Strict positive experimental evidence	relaxed_min8_peptide_cov70	Relaxed min-8 + ≥70% longer-peptide coverage	percent	20	depmap_survivability	DepMap survivability	Depmap_survivability_score	lower_better	30	0.0	0.036731971731971735	0.0	10	8	21	1	0.0	0.0
strict_positive_experimental	Strict positive experimental evidence	relaxed_min8_peptide_cov70	Relaxed min-8 + ≥70% longer-peptide coverage	percent	20	net_betweenness	Network betweenness	Net_Betweenness	higher_better	30	0.0	0.02194211865264497	0.0	9	7	20	3	0.0	0.0
strict_positive_experimental	Strict positive experimental evidence	relaxed_min8_peptide_cov70	Relaxed min-8 + ≥70% longer-peptide coverage	percent	20	net_degree	Network degree	Net_Degree	higher_better	30	0.0	0.028658315368841683	0.0	8	8	20	2	0.0	0.0
strict_positive_experimental	Strict positive experimental evidence	relaxed_min8_peptide_cov70	Relaxed min-8 + ≥70% longer-peptide coverage	percent	20	net_impact	Network impact	Net_Impact	higher_better	30	0.0	0.028767515478041794	0.0	8	8	19	3	0.0	0.0
strict_positive_experimental	Strict positive experimental evidence	relaxed_min8_peptide_cov70	Relaxed min-8 + ≥70% longer-peptide coverage	percent	20	net_strength	Network strength	Net_Strength	higher_better	30	0.0	0.028767515478041794	0.0	8	8	19	3	0.0	0.0
strict_positive_experimental	Strict positive experimental evidence	relaxed_min8_peptide_cov70	Relaxed min-8 + ≥70% longer-peptide coverage	percent	20	net_wci	Network WCI	Net_WCI	higher_better	30	0.0	0.019946383622854214	0.0	8	8	19	3	0.0	0.0
strict_positive_experimental	Strict positive experimental evidence	relaxed_min8_peptide_cov70	Relaxed min-8 + ≥70% longer-peptide coverage	percent	20	tumor_dna_vaf	Tumor DNA VAF	Tumor DNA VAF	higher_better	30	0.0	0.022336232336232335	0.0	7	7	21	2	0.0	0.0
strict_positive_experimental	Strict positive experimental evidence	relaxed_min8_peptide_cov70	Relaxed min-8 + ≥70% longer-peptide coverage	percent	30	borda	Borda	Borda_Rank	lower_better	30	0.0	0.029104308390022673	0.0	10	6	24	0	0.0	0.0
strict_positive_experimental	Strict positive experimental evidence	relaxed_min8_peptide_cov70	Relaxed min-8 + ≥70% longer-peptide coverage	percent	30	depmap_survivability	DepMap survivability	Depmap_survivability_score	lower_better	30	0.0	0.030895349592828584	0.0	15	9	21	0	0.0	0.0
strict_positive_experimental	Strict positive experimental evidence	relaxed_min8_peptide_cov70	Relaxed min-8 + ≥70% longer-peptide coverage	percent	30	net_betweenness	Network betweenness	Net_Betweenness	higher_better	30	0.0	0.0128882856561428	0.0	9	6	21	3	0.0	0.0
strict_positive_experimental	Strict positive experimental evidence	relaxed_min8_peptide_cov70	Relaxed min-8 + ≥70% longer-peptide coverage	percent	30	net_degree	Network degree	Net_Degree	higher_better	30	0.0	0.027391086776590978	0.0	13	10	18	2	0.0	0.0
strict_positive_experimental	Strict positive experimental evidence	relaxed_min8_peptide_cov70	Relaxed min-8 + ≥70% longer-peptide coverage	percent	30	net_impact	Network impact	Net_Impact	higher_better	30	0.0	0.029045979502912274	0.0	12	10	17	3	0.0	0.0
strict_positive_experimental	Strict positive experimental evidence	relaxed_min8_peptide_cov70	Relaxed min-8 + ≥70% longer-peptide coverage	percent	30	net_strength	Network strength	Net_Strength	higher_better	30	0.0	0.02845074140767418	0.0	12	11	16	3	0.0	0.0
strict_positive_experimental	Strict positive experimental evidence	relaxed_min8_peptide_cov70	Relaxed min-8 + ≥70% longer-peptide coverage	percent	30	net_wci	Network WCI	Net_WCI	higher_better	30	0.0	0.021044112089280153	0.0	11	9	18	3	0.0	0.0
strict_positive_experimental	Strict positive experimental evidence	relaxed_min8_peptide_cov70	Relaxed min-8 + ≥70% longer-peptide coverage	percent	30	tumor_dna_vaf	Tumor DNA VAF	Tumor DNA VAF	higher_better	30	0.0	0.018339440182203147	0.0	10	10	17	3	0.0	0.0
strict_positive_experimental	Strict positive experimental evidence	relaxed_min8_peptide_cov70	Relaxed min-8 + ≥70% longer-peptide coverage	percent	40	borda	Borda	Borda_Rank	lower_better	30	0.0	0.023868594971704408	0.0	13	10	19	1	0.0	0.0
strict_positive_experimental	Strict positive experimental evidence	relaxed_min8_peptide_cov70	Relaxed min-8 + ≥70% longer-peptide coverage	percent	40	depmap_survivability	DepMap survivability	Depmap_survivability_score	lower_better	30	0.0	0.026057236108043325	0.0	16	12	17	1	0.0	0.0
strict_positive_experimental	Strict positive experimental evidence	relaxed_min8_peptide_cov70	Relaxed min-8 + ≥70% longer-peptide coverage	percent	40	net_betweenness	Network betweenness	Net_Betweenness	higher_better	30	0.0	0.012772967033641846	0.0	10	8	20	2	0.0	0.0
strict_positive_experimental	Strict positive experimental evidence	relaxed_min8_peptide_cov70	Relaxed min-8 + ≥70% longer-peptide coverage	percent	40	net_degree	Network degree	Net_Degree	higher_better	30	0.0	0.020649719709156134	0.0	12	10	18	2	0.0	0.0
strict_positive_experimental	Strict positive experimental evidence	relaxed_min8_peptide_cov70	Relaxed min-8 + ≥70% longer-peptide coverage	percent	40	net_impact	Network impact	Net_Impact	higher_better	30	0.0	0.027303224845633405	0.0	16	11	18	1	0.0	0.0
strict_positive_experimental	Strict positive experimental evidence	relaxed_min8_peptide_cov70	Relaxed min-8 + ≥70% longer-peptide coverage	percent	40	net_strength	Network strength	Net_Strength	higher_better	30	0.0	0.026915144457553015	0.0	16	10	19	1	0.0	0.0
strict_positive_experimental	Strict positive experimental evidence	relaxed_min8_peptide_cov70	Relaxed min-8 + ≥70% longer-peptide coverage	percent	40	net_wci	Network WCI	Net_WCI	higher_better	30	0.0	0.025421342963751526	0.0	14	10	18	2	0.0	0.0
strict_positive_experimental	Strict positive experimental evidence	relaxed_min8_peptide_cov70	Relaxed min-8 + ≥70% longer-peptide coverage	percent	40	tumor_dna_vaf	Tumor DNA VAF	Tumor DNA VAF	higher_better	30	0.0	0.016947593515428593	0.0	13	11	18	1	0.0	0.0
strict_positive_experimental	Strict positive experimental evidence	relaxed_min8_peptide_cov70	Relaxed min-8 + ≥70% longer-peptide coverage	percent	50	borda	Borda	Borda_Rank	lower_better	30	0.0	0.01982871426727454	0.0	13	10	19	1	0.0	0.0
strict_positive_experimental	Strict positive experimental evidence	relaxed_min8_peptide_cov70	Relaxed min-8 + ≥70% longer-peptide coverage	percent	50	depmap_survivability	DepMap survivability	Depmap_survivability_score	lower_better	30	0.0	0.01799434685364732	0.0	12	10	18	2	0.0	0.0
strict_positive_experimental	Strict positive experimental evidence	relaxed_min8_peptide_cov70	Relaxed min-8 + ≥70% longer-peptide coverage	percent	50	net_betweenness	Network betweenness	Net_Betweenness	higher_better	30	0.0	0.007645680440124861	0.0	5	8	18	4	0.0	0.0
strict_positive_experimental	Strict positive experimental evidence	relaxed_min8_peptide_cov70	Relaxed min-8 + ≥70% longer-peptide coverage	percent	50	net_degree	Network degree	Net_Degree	higher_better	30	0.0	0.01604440840110933	0.0	10	9	19	2	0.005813953488372093	0.0
strict_positive_experimental	Strict positive experimental evidence	relaxed_min8_peptide_cov70	Relaxed min-8 + ≥70% longer-peptide coverage	percent	50	net_impact	Network impact	Net_Impact	higher_better	30	0.0	0.022481372622044454	0.0	16	14	14	2	0.014288529759558534	0.0
strict_positive_experimental	Strict positive experimental evidence	relaxed_min8_peptide_cov70	Relaxed min-8 + ≥70% longer-peptide coverage	percent	50	net_strength	Network strength	Net_Strength	higher_better	30	0.0	0.021756734940885033	0.0	15	13	15	2	0.014288529759558534	0.0
strict_positive_experimental	Strict positive experimental evidence	relaxed_min8_peptide_cov70	Relaxed min-8 + ≥70% longer-peptide coverage	percent	50	net_wci	Network WCI	Net_WCI	higher_better	30	0.0	0.02172905779488	0.0	15	12	17	1	0.010278239202657807	0.0
strict_positive_experimental	Strict positive experimental evidence	relaxed_min8_peptide_cov70	Relaxed min-8 + ≥70% longer-peptide coverage	percent	50	tumor_dna_vaf	Tumor DNA VAF	Tumor DNA VAF	higher_better	30	0.0	0.010951420904978566	0.0	10	10	17	3	0.0	0.0
strict_positive_experimental	Strict positive experimental evidence	relaxed_min8_peptide_cov70	Relaxed min-8 + ≥70% longer-peptide coverage	percent	60	borda	Borda	Borda_Rank	lower_better	30	0.0	0.01033087482236694	0.0	11	10	19	1	0.0048543689320388345	0.0
strict_positive_experimental	Strict positive experimental evidence	relaxed_min8_peptide_cov70	Relaxed min-8 + ≥70% longer-peptide coverage	percent	60	depmap_survivability	DepMap survivability	Depmap_survivability_score	lower_better	30	0.0	0.008846810268126946	0.0	9	9	18	3	0.0	0.0
strict_positive_experimental	Strict positive experimental evidence	relaxed_min8_peptide_cov70	Relaxed min-8 + ≥70% longer-peptide coverage	percent	60	net_betweenness	Network betweenness	Net_Betweenness	higher_better	30	0.0	0.0013767957703646437	0.0	3	8	17	5	0.0	0.0
strict_positive_experimental	Strict positive experimental evidence	relaxed_min8_peptide_cov70	Relaxed min-8 + ≥70% longer-peptide coverage	percent	60	net_degree	Network degree	Net_Degree	higher_better	30	0.0	0.009928207154441057	0.0	11	11	16	3	0.01279087686854677	0.0
strict_positive_experimental	Strict positive experimental evidence	relaxed_min8_peptide_cov70	Relaxed min-8 + ≥70% longer-peptide coverage	percent	60	net_impact	Network impact	Net_Impact	higher_better	30	0.0	0.01234387945441919	0.0	14	12	17	1	0.01279087686854677	0.0
strict_positive_experimental	Strict positive experimental evidence	relaxed_min8_peptide_cov70	Relaxed min-8 + ≥70% longer-peptide coverage	percent	60	net_strength	Network strength	Net_Strength	higher_better	30	0.0	0.01202336663390637	0.0	13	12	17	1	0.01279087686854677	0.0
strict_positive_experimental	Strict positive experimental evidence	relaxed_min8_peptide_cov70	Relaxed min-8 + ≥70% longer-peptide coverage	percent	60	net_wci	Network WCI	Net_WCI	higher_better	30	0.0	0.012577767188306924	0.0	13	12	17	1	0.01279087686854677	0.0
strict_positive_experimental	Strict positive experimental evidence	relaxed_min8_peptide_cov70	Relaxed min-8 + ≥70% longer-peptide coverage	percent	60	tumor_dna_vaf	Tumor DNA VAF	Tumor DNA VAF	higher_better	30	0.0	0.004186453385630557	0.0	9	10	17	3	0.0048543689320388345	0.0
strict_positive_experimental	Strict positive experimental evidence	relaxed_min8_peptide_cov70	Relaxed min-8 + ≥70% longer-peptide coverage	topn	10	borda	Borda	Borda_Rank	lower_better	30	0.0	0.020000000000000004	0.0	6	4	26	0	0.0	0.0
strict_positive_experimental	Strict positive experimental evidence	relaxed_min8_peptide_cov70	Relaxed min-8 + ≥70% longer-peptide coverage	topn	10	depmap_survivability	DepMap survivability	Depmap_survivability_score	lower_better	30	0.0	0.013333333333333334	0.0	4	4	25	1	0.0	0.0
strict_positive_experimental	Strict positive experimental evidence	relaxed_min8_peptide_cov70	Relaxed min-8 + ≥70% longer-peptide coverage	topn	10	net_betweenness	Network betweenness	Net_Betweenness	higher_better	30	0.0	0.010000000000000002	0.0	3	3	26	1	0.0	0.0
strict_positive_experimental	Strict positive experimental evidence	relaxed_min8_peptide_cov70	Relaxed min-8 + ≥70% longer-peptide coverage	topn	10	net_degree	Network degree	Net_Degree	higher_better	30	0.0	0.020000000000000004	0.0	6	6	23	1	0.0	0.0
strict_positive_experimental	Strict positive experimental evidence	relaxed_min8_peptide_cov70	Relaxed min-8 + ≥70% longer-peptide coverage	topn	10	net_impact	Network impact	Net_Impact	higher_better	30	0.0	0.016666666666666666	0.0	5	5	24	1	0.0	0.0
strict_positive_experimental	Strict positive experimental evidence	relaxed_min8_peptide_cov70	Relaxed min-8 + ≥70% longer-peptide coverage	topn	10	net_strength	Network strength	Net_Strength	higher_better	30	0.0	0.016666666666666666	0.0	5	5	24	1	0.0	0.0
strict_positive_experimental	Strict positive experimental evidence	relaxed_min8_peptide_cov70	Relaxed min-8 + ≥70% longer-peptide coverage	topn	10	net_wci	Network WCI	Net_WCI	higher_better	30	0.0	0.016666666666666666	0.0	5	4	25	1	0.0	0.0
strict_positive_experimental	Strict positive experimental evidence	relaxed_min8_peptide_cov70	Relaxed min-8 + ≥70% longer-peptide coverage	topn	10	tumor_dna_vaf	Tumor DNA VAF	Tumor DNA VAF	higher_better	30	0.0	0.010000000000000002	0.0	3	3	26	1	0.0	0.0
strict_positive_experimental	Strict positive experimental evidence	relaxed_min8_peptide_cov70	Relaxed min-8 + ≥70% longer-peptide coverage	topn	20	borda	Borda	Borda_Rank	lower_better	30	0.0	0.011666666666666667	0.0	7	5	24	1	0.0	0.0
strict_positive_experimental	Strict positive experimental evidence	relaxed_min8_peptide_cov70	Relaxed min-8 + ≥70% longer-peptide coverage	topn	20	depmap_survivability	DepMap survivability	Depmap_survivability_score	lower_better	30	0.0	0.008333333333333333	0.0	5	5	23	2	0.0	0.0
strict_positive_experimental	Strict positive experimental evidence	relaxed_min8_peptide_cov70	Relaxed min-8 + ≥70% longer-peptide coverage	topn	20	net_betweenness	Network betweenness	Net_Betweenness	higher_better	30	0.0	0.011666666666666667	0.0	7	6	21	3	0.0	0.0
strict_positive_experimental	Strict positive experimental evidence	relaxed_min8_peptide_cov70	Relaxed min-8 + ≥70% longer-peptide coverage	topn	20	net_degree	Network degree	Net_Degree	higher_better	30	0.0	0.01	0.0	6	6	21	3	0.0	0.0
strict_positive_experimental	Strict positive experimental evidence	relaxed_min8_peptide_cov70	Relaxed min-8 + ≥70% longer-peptide coverage	topn	20	net_impact	Network impact	Net_Impact	higher_better	30	0.0	0.016666666666666666	0.0	10	9	18	3	0.0	0.0
strict_positive_experimental	Strict positive experimental evidence	relaxed_min8_peptide_cov70	Relaxed min-8 + ≥70% longer-peptide coverage	topn	20	net_strength	Network strength	Net_Strength	higher_better	30	0.0	0.016666666666666666	0.0	10	9	18	3	0.0	0.0
strict_positive_experimental	Strict positive experimental evidence	relaxed_min8_peptide_cov70	Relaxed min-8 + ≥70% longer-peptide coverage	topn	20	net_wci	Network WCI	Net_WCI	higher_better	30	0.0	0.013333333333333334	0.0	8	8	19	3	0.0	0.0
strict_positive_experimental	Strict positive experimental evidence	relaxed_min8_peptide_cov70	Relaxed min-8 + ≥70% longer-peptide coverage	topn	20	tumor_dna_vaf	Tumor DNA VAF	Tumor DNA VAF	higher_better	30	0.0	0.006666666666666667	0.0	4	7	19	4	0.0	0.0
strict_positive_experimental	Strict positive experimental evidence	relaxed_min8_peptide_cov70	Relaxed min-8 + ≥70% longer-peptide coverage	topn	30	borda	Borda	Borda_Rank	lower_better	30	0.0	0.0033333333333333335	0.0	3	4	24	2	0.0	0.0
strict_positive_experimental	Strict positive experimental evidence	relaxed_min8_peptide_cov70	Relaxed min-8 + ≥70% longer-peptide coverage	topn	30	depmap_survivability	DepMap survivability	Depmap_survivability_score	lower_better	30	0.0	0.004444444444444445	0.0	4	5	22	3	0.0	0.0
strict_positive_experimental	Strict positive experimental evidence	relaxed_min8_peptide_cov70	Relaxed min-8 + ≥70% longer-peptide coverage	topn	30	net_betweenness	Network betweenness	Net_Betweenness	higher_better	30	0.0	0.006666666666666667	0.0	6	6	21	3	0.0	0.0
strict_positive_experimental	Strict positive experimental evidence	relaxed_min8_peptide_cov70	Relaxed min-8 + ≥70% longer-peptide coverage	topn	30	net_degree	Network degree	Net_Degree	higher_better	30	0.0	0.0033333333333333335	0.0	3	5	21	4	0.0	0.0
strict_positive_experimental	Strict positive experimental evidence	relaxed_min8_peptide_cov70	Relaxed min-8 + ≥70% longer-peptide coverage	topn	30	net_impact	Network impact	Net_Impact	higher_better	30	0.0	0.0077777777777777776	0.0	7	7	20	3	0.0	0.0
strict_positive_experimental	Strict positive experimental evidence	relaxed_min8_peptide_cov70	Relaxed min-8 + ≥70% longer-peptide coverage	topn	30	net_strength	Network strength	Net_Strength	higher_better	30	0.0	0.006666666666666667	0.0	6	6	21	3	0.0	0.0
strict_positive_experimental	Strict positive experimental evidence	relaxed_min8_peptide_cov70	Relaxed min-8 + ≥70% longer-peptide coverage	topn	30	net_wci	Network WCI	Net_WCI	higher_better	30	0.0	0.0033333333333333335	0.0	3	5	21	4	0.0	0.0
strict_positive_experimental	Strict positive experimental evidence	relaxed_min8_peptide_cov70	Relaxed min-8 + ≥70% longer-peptide coverage	topn	30	tumor_dna_vaf	Tumor DNA VAF	Tumor DNA VAF	higher_better	30	0.0	0.0044444444444444444	0.0	4	8	18	4	0.0	0.0
strict_positive_experimental	Strict positive experimental evidence	relaxed_min8_peptide_cov70	Relaxed min-8 + ≥70% longer-peptide coverage	topn	40	borda	Borda	Borda_Rank	lower_better	30	0.0	0.000833333333333333	0.0	1	2	25	3	0.0	0.0
strict_positive_experimental	Strict positive experimental evidence	relaxed_min8_peptide_cov70	Relaxed min-8 + ≥70% longer-peptide coverage	topn	40	depmap_survivability	DepMap survivability	Depmap_survivability_score	lower_better	30	0.0	0.004166666666666667	0.0	5	5	23	2	0.0	0.0
strict_positive_experimental	Strict positive experimental evidence	relaxed_min8_peptide_cov70	Relaxed min-8 + ≥70% longer-peptide coverage	topn	40	net_betweenness	Network betweenness	Net_Betweenness	higher_better	30	0.0	0.004166666666666667	0.0	5	5	21	4	0.0	0.0
strict_positive_experimental	Strict positive experimental evidence	relaxed_min8_peptide_cov70	Relaxed min-8 + ≥70% longer-peptide coverage	topn	40	net_degree	Network degree	Net_Degree	higher_better	30	0.0	0.004166666666666667	0.0	5	5	23	2	0.0125	0.0
strict_positive_experimental	Strict positive experimental evidence	relaxed_min8_peptide_cov70	Relaxed min-8 + ≥70% longer-peptide coverage	topn	40	net_impact	Network impact	Net_Impact	higher_better	30	0.0	0.0025	0.0	3	4	22	4	0.0	0.0
strict_positive_experimental	Strict positive experimental evidence	relaxed_min8_peptide_cov70	Relaxed min-8 + ≥70% longer-peptide coverage	topn	40	net_strength	Network strength	Net_Strength	higher_better	30	0.0	0.0025	0.0	3	3	24	3	0.0	0.0
strict_positive_experimental	Strict positive experimental evidence	relaxed_min8_peptide_cov70	Relaxed min-8 + ≥70% longer-peptide coverage	topn	40	net_wci	Network WCI	Net_WCI	higher_better	30	0.0	0.0033333333333333335	0.0	4	4	23	3	0.0	0.0
strict_positive_experimental	Strict positive experimental evidence	relaxed_min8_peptide_cov70	Relaxed min-8 + ≥70% longer-peptide coverage	topn	40	tumor_dna_vaf	Tumor DNA VAF	Tumor DNA VAF	higher_better	30	0.0	0.0016666666666666666	0.0	2	6	20	4	0.0	0.0
strict_positive_experimental	Strict positive experimental evidence	relaxed_min8_peptide_cov70	Relaxed min-8 + ≥70% longer-peptide coverage	topn	50	borda	Borda	Borda_Rank	lower_better	30	0.0	0.0026666666666666666	0.0	4	2	28	0	0.0	0.0
strict_positive_experimental	Strict positive experimental evidence	relaxed_min8_peptide_cov70	Relaxed min-8 + ≥70% longer-peptide coverage	topn	50	depmap_survivability	DepMap survivability	Depmap_survivability_score	lower_better	30	0.0	0.005333333333333333	0.0	8	5	24	1	0.0	0.0
strict_positive_experimental	Strict positive experimental evidence	relaxed_min8_peptide_cov70	Relaxed min-8 + ≥70% longer-peptide coverage	topn	50	net_betweenness	Network betweenness	Net_Betweenness	higher_better	30	0.0	0.004666666666666667	0.0	7	5	22	3	0.0	0.0
strict_positive_experimental	Strict positive experimental evidence	relaxed_min8_peptide_cov70	Relaxed min-8 + ≥70% longer-peptide coverage	topn	50	net_degree	Network degree	Net_Degree	higher_better	30	0.0	0.006	0.0	9	7	21	2	0.02	0.0
strict_positive_experimental	Strict positive experimental evidence	relaxed_min8_peptide_cov70	Relaxed min-8 + ≥70% longer-peptide coverage	topn	50	net_impact	Network impact	Net_Impact	higher_better	30	0.0	0.004	0.0	6	6	21	3	0.01	0.0
strict_positive_experimental	Strict positive experimental evidence	relaxed_min8_peptide_cov70	Relaxed min-8 + ≥70% longer-peptide coverage	topn	50	net_strength	Network strength	Net_Strength	higher_better	30	0.0	0.004	0.0	6	6	21	3	0.01	0.0
strict_positive_experimental	Strict positive experimental evidence	relaxed_min8_peptide_cov70	Relaxed min-8 + ≥70% longer-peptide coverage	topn	50	net_wci	Network WCI	Net_WCI	higher_better	30	0.0	0.004	0.0	6	5	23	2	0.01	0.0
strict_positive_experimental	Strict positive experimental evidence	relaxed_min8_peptide_cov70	Relaxed min-8 + ≥70% longer-peptide coverage	topn	50	tumor_dna_vaf	Tumor DNA VAF	Tumor DNA VAF	higher_better	30	0.0	0.005333333333333332	0.0	8	7	20	3	0.01	0.0
strict_positive_experimental	Strict positive experimental evidence	relaxed_min8_peptide_cov80	Relaxed min-8 + ≥80% longer-peptide coverage	percent	10	borda	Borda	Borda_Rank	lower_better	30	0.0	0.0	0.0	0	0	30	0	0.0	0.0
strict_positive_experimental	Strict positive experimental evidence	relaxed_min8_peptide_cov80	Relaxed min-8 + ≥80% longer-peptide coverage	percent	10	depmap_survivability	DepMap survivability	Depmap_survivability_score	lower_better	30	0.0	0.01111111111111111	0.0	1	1	29	0	0.0	0.0
strict_positive_experimental	Strict positive experimental evidence	relaxed_min8_peptide_cov80	Relaxed min-8 + ≥80% longer-peptide coverage	percent	10	net_betweenness	Network betweenness	Net_Betweenness	higher_better	30	0.0	0.012962962962962963	0.0	2	2	28	0	0.0	0.0
strict_positive_experimental	Strict positive experimental evidence	relaxed_min8_peptide_cov80	Relaxed min-8 + ≥80% longer-peptide coverage	percent	10	net_degree	Network degree	Net_Degree	higher_better	30	0.0	0.01111111111111111	0.0	1	1	29	0	0.0	0.0
strict_positive_experimental	Strict positive experimental evidence	relaxed_min8_peptide_cov80	Relaxed min-8 + ≥80% longer-peptide coverage	percent	10	net_impact	Network impact	Net_Impact	higher_better	30	0.0	0.01111111111111111	0.0	1	1	29	0	0.0	0.0
strict_positive_experimental	Strict positive experimental evidence	relaxed_min8_peptide_cov80	Relaxed min-8 + ≥80% longer-peptide coverage	percent	10	net_strength	Network strength	Net_Strength	higher_better	30	0.0	0.01111111111111111	0.0	1	1	29	0	0.0	0.0
strict_positive_experimental	Strict positive experimental evidence	relaxed_min8_peptide_cov80	Relaxed min-8 + ≥80% longer-peptide coverage	percent	10	net_wci	Network WCI	Net_WCI	higher_better	30	0.0	0.01111111111111111	0.0	1	1	29	0	0.0	0.0
strict_positive_experimental	Strict positive experimental evidence	relaxed_min8_peptide_cov80	Relaxed min-8 + ≥80% longer-peptide coverage	percent	10	tumor_dna_vaf	Tumor DNA VAF	Tumor DNA VAF	higher_better	30	0.0	0.00196078431372549	0.0	1	1	29	0	0.0	0.0
strict_positive_experimental	Strict positive experimental evidence	relaxed_min8_peptide_cov80	Relaxed min-8 + ≥80% longer-peptide coverage	percent	20	borda	Borda	Borda_Rank	lower_better	30	0.0	0.005277777777777779	0.0	0	1	28	1	0.0	0.0
strict_positive_experimental	Strict positive experimental evidence	relaxed_min8_peptide_cov80	Relaxed min-8 + ≥80% longer-peptide coverage	percent	20	depmap_survivability	DepMap survivability	Depmap_survivability_score	lower_better	30	0.0	0.0166005291005291	0.0	3	3	26	1	0.0	0.0
strict_positive_experimental	Strict positive experimental evidence	relaxed_min8_peptide_cov80	Relaxed min-8 + ≥80% longer-peptide coverage	percent	20	net_betweenness	Network betweenness	Net_Betweenness	higher_better	30	0.0	0.00798454469507101	0.0	2	3	26	1	0.0	0.0
strict_positive_experimental	Strict positive experimental evidence	relaxed_min8_peptide_cov80	Relaxed min-8 + ≥80% longer-peptide coverage	percent	20	net_degree	Network degree	Net_Degree	higher_better	30	0.0	0.005277777777777779	0.0	0	1	28	1	0.0	0.0
strict_positive_experimental	Strict positive experimental evidence	relaxed_min8_peptide_cov80	Relaxed min-8 + ≥80% longer-peptide coverage	percent	20	net_impact	Network impact	Net_Impact	higher_better	30	0.0	0.005277777777777779	0.0	0	1	28	1	0.0	0.0
strict_positive_experimental	Strict positive experimental evidence	relaxed_min8_peptide_cov80	Relaxed min-8 + ≥80% longer-peptide coverage	percent	20	net_strength	Network strength	Net_Strength	higher_better	30	0.0	0.005277777777777779	0.0	0	1	28	1	0.0	0.0
strict_positive_experimental	Strict positive experimental evidence	relaxed_min8_peptide_cov80	Relaxed min-8 + ≥80% longer-peptide coverage	percent	20	net_wci	Network WCI	Net_WCI	higher_better	30	0.0	0.006018518518518519	0.0	1	2	27	1	0.0	0.0
strict_positive_experimental	Strict positive experimental evidence	relaxed_min8_peptide_cov80	Relaxed min-8 + ≥80% longer-peptide coverage	percent	20	tumor_dna_vaf	Tumor DNA VAF	Tumor DNA VAF	higher_better	30	0.0	0.007055074555074555	0.0	4	4	26	0	0.0	0.0
strict_positive_experimental	Strict positive experimental evidence	relaxed_min8_peptide_cov80	Relaxed min-8 + ≥80% longer-peptide coverage	percent	30	borda	Borda	Borda_Rank	lower_better	30	0.0	0.00857142857142857	0.0	1	2	27	1	0.0	0.0
strict_positive_experimental	Strict positive experimental evidence	relaxed_min8_peptide_cov80	Relaxed min-8 + ≥80% longer-peptide coverage	percent	30	depmap_survivability	DepMap survivability	Depmap_survivability_score	lower_better	30	0.0	0.010138380138380138	0.0	3	4	25	1	0.0	0.0
strict_positive_experimental	Strict positive experimental evidence	relaxed_min8_peptide_cov80	Relaxed min-8 + ≥80% longer-peptide coverage	percent	30	net_betweenness	Network betweenness	Net_Betweenness	higher_better	30	0.0	0.002334147334147334	0.0	0	3	25	2	0.0	0.0
strict_positive_experimental	Strict positive experimental evidence	relaxed_min8_peptide_cov80	Relaxed min-8 + ≥80% longer-peptide coverage	percent	30	net_degree	Network degree	Net_Degree	higher_better	30	0.0	0.005264550264550264	0.0	-1	1	27	2	0.0	0.0
strict_positive_experimental	Strict positive experimental evidence	relaxed_min8_peptide_cov80	Relaxed min-8 + ≥80% longer-peptide coverage	percent	30	net_impact	Network impact	Net_Impact	higher_better	30	0.0	0.006455026455026454	0.0	0	2	26	2	0.0	0.0
strict_positive_experimental	Strict positive experimental evidence	relaxed_min8_peptide_cov80	Relaxed min-8 + ≥80% longer-peptide coverage	percent	30	net_strength	Network strength	Net_Strength	higher_better	30	0.0	0.005264550264550264	0.0	-1	1	27	2	0.0	0.0
strict_positive_experimental	Strict positive experimental evidence	relaxed_min8_peptide_cov80	Relaxed min-8 + ≥80% longer-peptide coverage	percent	30	net_wci	Network WCI	Net_WCI	higher_better	30	0.0	0.008135698723934017	0.0	1	3	25	2	0.0	0.0
strict_positive_experimental	Strict positive experimental evidence	relaxed_min8_peptide_cov80	Relaxed min-8 + ≥80% longer-peptide coverage	percent	30	tumor_dna_vaf	Tumor DNA VAF	Tumor DNA VAF	higher_better	30	0.0	0.0024442680107704734	0.0	3	5	24	1	0.0	0.0
strict_positive_experimental	Strict positive experimental evidence	relaxed_min8_peptide_cov80	Relaxed min-8 + ≥80% longer-peptide coverage	percent	40	borda	Borda	Borda_Rank	lower_better	30	0.0	0.005281435281435281	0.0	-1	2	25	3	0.0	0.0
strict_positive_experimental	Strict positive experimental evidence	relaxed_min8_peptide_cov80	Relaxed min-8 + ≥80% longer-peptide coverage	percent	40	depmap_survivability	DepMap survivability	Depmap_survivability_score	lower_better	30	0.0	0.008268618721902717	0.0	3	4	24	2	0.0	0.0
strict_positive_experimental	Strict positive experimental evidence	relaxed_min8_peptide_cov80	Relaxed min-8 + ≥80% longer-peptide coverage	percent	40	net_betweenness	Network betweenness	Net_Betweenness	higher_better	30	0.0	0.0031296973903722036	0.0	0	4	23	3	0.0	0.0
strict_positive_experimental	Strict positive experimental evidence	relaxed_min8_peptide_cov80	Relaxed min-8 + ≥80% longer-peptide coverage	percent	40	net_degree	Network degree	Net_Degree	higher_better	30	0.0	0.0035975565538835406	0.0	-2	2	24	4	0.0	0.0
strict_positive_experimental	Strict positive experimental evidence	relaxed_min8_peptide_cov80	Relaxed min-8 + ≥80% longer-peptide coverage	percent	40	net_impact	Network impact	Net_Impact	higher_better	30	0.0	0.005473116324180153	0.0	-1	2	25	3	0.0	0.0
strict_positive_experimental	Strict positive experimental evidence	relaxed_min8_peptide_cov80	Relaxed min-8 + ≥80% longer-peptide coverage	percent	40	net_strength	Network strength	Net_Strength	higher_better	30	0.0	0.004572215423279252	0.0	-2	2	24	4	0.0	0.0
strict_positive_experimental	Strict positive experimental evidence	relaxed_min8_peptide_cov80	Relaxed min-8 + ≥80% longer-peptide coverage	percent	40	net_wci	Network WCI	Net_WCI	higher_better	30	0.0	0.006224637075700905	0.0	0	3	23	4	0.0	0.0
strict_positive_experimental	Strict positive experimental evidence	relaxed_min8_peptide_cov80	Relaxed min-8 + ≥80% longer-peptide coverage	percent	40	tumor_dna_vaf	Tumor DNA VAF	Tumor DNA VAF	higher_better	30	0.0	0.0018700744286215825	0.0	3	5	24	1	0.0	0.0
strict_positive_experimental	Strict positive experimental evidence	relaxed_min8_peptide_cov80	Relaxed min-8 + ≥80% longer-peptide coverage	percent	50	borda	Borda	Borda_Rank	lower_better	30	0.0	0.004721320346320347	0.0	0	1	27	2	0.0	0.0
strict_positive_experimental	Strict positive experimental evidence	relaxed_min8_peptide_cov80	Relaxed min-8 + ≥80% longer-peptide coverage	percent	50	depmap_survivability	DepMap survivability	Depmap_survivability_score	lower_better	30	0.0	0.005360773949543017	0.0	2	4	23	3	0.0	0.0
strict_positive_experimental	Strict positive experimental evidence	relaxed_min8_peptide_cov80	Relaxed min-8 + ≥80% longer-peptide coverage	percent	50	net_betweenness	Network betweenness	Net_Betweenness	higher_better	30	0.0	0.0007696730215741987	0.0	-2	3	23	4	0.0	0.0
strict_positive_experimental	Strict positive experimental evidence	relaxed_min8_peptide_cov80	Relaxed min-8 + ≥80% longer-peptide coverage	percent	50	net_degree	Network degree	Net_Degree	higher_better	30	0.0	0.0026257792567530103	0.0	-2	2	23	5	0.0	0.0
strict_positive_experimental	Strict positive experimental evidence	relaxed_min8_peptide_cov80	Relaxed min-8 + ≥80% longer-peptide coverage	percent	50	net_impact	Network impact	Net_Impact	higher_better	30	0.0	0.004454045819319089	0.0	-1	2	24	4	0.0	0.0
strict_positive_experimental	Strict positive experimental evidence	relaxed_min8_peptide_cov80	Relaxed min-8 + ≥80% longer-peptide coverage	percent	50	net_strength	Network strength	Net_Strength	higher_better	30	0.0	0.003729408138159669	0.0	-2	2	23	5	0.0	0.0
strict_positive_experimental	Strict positive experimental evidence	relaxed_min8_peptide_cov80	Relaxed min-8 + ≥80% longer-peptide coverage	percent	50	net_wci	Network WCI	Net_WCI	higher_better	30	0.0	0.0059009401308590705	0.0	2	2	27	1	0.0	0.0
strict_positive_experimental	Strict positive experimental evidence	relaxed_min8_peptide_cov80	Relaxed min-8 + ≥80% longer-peptide coverage	percent	50	tumor_dna_vaf	Tumor DNA VAF	Tumor DNA VAF	higher_better	30	0.0	-0.0003076412384142611	0.0	1	4	24	2	0.0	0.0
strict_positive_experimental	Strict positive experimental evidence	relaxed_min8_peptide_cov80	Relaxed min-8 + ≥80% longer-peptide coverage	percent	60	borda	Borda	Borda_Rank	lower_better	30	0.0	0.004788168456935445	0.0	2	4	24	2	0.0	0.0
strict_positive_experimental	Strict positive experimental evidence	relaxed_min8_peptide_cov80	Relaxed min-8 + ≥80% longer-peptide coverage	percent	60	depmap_survivability	DepMap survivability	Depmap_survivability_score	lower_better	30	0.0	0.0048029719491825456	0.0	2	4	24	2	0.0	0.0
strict_positive_experimental	Strict positive experimental evidence	relaxed_min8_peptide_cov80	Relaxed min-8 + ≥80% longer-peptide coverage	percent	60	net_betweenness	Network betweenness	Net_Betweenness	higher_better	30	0.0	0.0010830316532070916	0.0	-1	3	25	2	0.0	0.0
strict_positive_experimental	Strict positive experimental evidence	relaxed_min8_peptide_cov80	Relaxed min-8 + ≥80% longer-peptide coverage	percent	60	net_degree	Network degree	Net_Degree	higher_better	30	0.0	0.004565598469107241	0.0	2	3	25	2	0.0	0.0
strict_positive_experimental	Strict positive experimental evidence	relaxed_min8_peptide_cov80	Relaxed min-8 + ≥80% longer-peptide coverage	percent	60	net_impact	Network impact	Net_Impact	higher_better	30	0.0	0.004694945982760589	0.0	2	4	23	3	0.0	0.0
strict_positive_experimental	Strict positive experimental evidence	relaxed_min8_peptide_cov80	Relaxed min-8 + ≥80% longer-peptide coverage	percent	60	net_strength	Network strength	Net_Strength	higher_better	30	0.0	0.004374433162247769	0.0	1	3	24	3	0.0	0.0
strict_positive_experimental	Strict positive experimental evidence	relaxed_min8_peptide_cov80	Relaxed min-8 + ≥80% longer-peptide coverage	percent	60	net_wci	Network WCI	Net_WCI	higher_better	30	0.0	0.005889782891883213	0.0	4	4	25	1	0.0	0.0
strict_positive_experimental	Strict positive experimental evidence	relaxed_min8_peptide_cov80	Relaxed min-8 + ≥80% longer-peptide coverage	percent	60	tumor_dna_vaf	Tumor DNA VAF	Tumor DNA VAF	higher_better	30	0.0	-0.0004883011052484031	0.0	0	4	24	2	0.0	0.0
strict_positive_experimental	Strict positive experimental evidence	relaxed_min8_peptide_cov80	Relaxed min-8 + ≥80% longer-peptide coverage	topn	10	borda	Borda	Borda_Rank	lower_better	30	0.0	0.006666666666666667	0.0	2	1	29	0	0.0	0.0
strict_positive_experimental	Strict positive experimental evidence	relaxed_min8_peptide_cov80	Relaxed min-8 + ≥80% longer-peptide coverage	topn	10	depmap_survivability	DepMap survivability	Depmap_survivability_score	lower_better	30	0.0	0.010000000000000002	0.0	3	2	28	0	0.0	0.0
strict_positive_experimental	Strict positive experimental evidence	relaxed_min8_peptide_cov80	Relaxed min-8 + ≥80% longer-peptide coverage	topn	10	net_betweenness	Network betweenness	Net_Betweenness	higher_better	30	0.0	0.0033333333333333335	0.0	1	1	29	0	0.0	0.0
strict_positive_experimental	Strict positive experimental evidence	relaxed_min8_peptide_cov80	Relaxed min-8 + ≥80% longer-peptide coverage	topn	10	net_degree	Network degree	Net_Degree	higher_better	30	0.0	0.006666666666666667	0.0	2	1	29	0	0.0	0.0
strict_positive_experimental	Strict positive experimental evidence	relaxed_min8_peptide_cov80	Relaxed min-8 + ≥80% longer-peptide coverage	topn	10	net_impact	Network impact	Net_Impact	higher_better	30	0.0	0.006666666666666667	0.0	2	1	29	0	0.0	0.0
strict_positive_experimental	Strict positive experimental evidence	relaxed_min8_peptide_cov80	Relaxed min-8 + ≥80% longer-peptide coverage	topn	10	net_strength	Network strength	Net_Strength	higher_better	30	0.0	0.006666666666666667	0.0	2	1	29	0	0.0	0.0
strict_positive_experimental	Strict positive experimental evidence	relaxed_min8_peptide_cov80	Relaxed min-8 + ≥80% longer-peptide coverage	topn	10	net_wci	Network WCI	Net_WCI	higher_better	30	0.0	0.006666666666666667	0.0	2	1	29	0	0.0	0.0
strict_positive_experimental	Strict positive experimental evidence	relaxed_min8_peptide_cov80	Relaxed min-8 + ≥80% longer-peptide coverage	topn	10	tumor_dna_vaf	Tumor DNA VAF	Tumor DNA VAF	higher_better	30	0.0	0.0033333333333333335	0.0	1	1	29	0	0.0	0.0
strict_positive_experimental	Strict positive experimental evidence	relaxed_min8_peptide_cov80	Relaxed min-8 + ≥80% longer-peptide coverage	topn	20	borda	Borda	Borda_Rank	lower_better	30	0.0	0.0	0.0	0	1	28	1	0.0	0.0
strict_positive_experimental	Strict positive experimental evidence	relaxed_min8_peptide_cov80	Relaxed min-8 + ≥80% longer-peptide coverage	topn	20	depmap_survivability	DepMap survivability	Depmap_survivability_score	lower_better	30	0.0	0.0	0.0	0	1	28	1	0.0	0.0
strict_positive_experimental	Strict positive experimental evidence	relaxed_min8_peptide_cov80	Relaxed min-8 + ≥80% longer-peptide coverage	topn	20	net_betweenness	Network betweenness	Net_Betweenness	higher_better	30	0.0	0.0033333333333333335	0.0	2	3	26	1	0.0	0.0
strict_positive_experimental	Strict positive experimental evidence	relaxed_min8_peptide_cov80	Relaxed min-8 + ≥80% longer-peptide coverage	topn	20	net_degree	Network degree	Net_Degree	higher_better	30	0.0	-0.0016666666666666668	0.0	-1	1	27	2	0.0	0.0
strict_positive_experimental	Strict positive experimental evidence	relaxed_min8_peptide_cov80	Relaxed min-8 + ≥80% longer-peptide coverage	topn	20	net_impact	Network impact	Net_Impact	higher_better	30	0.0	0.0	0.0	0	1	28	1	0.0	0.0
strict_positive_experimental	Strict positive experimental evidence	relaxed_min8_peptide_cov80	Relaxed min-8 + ≥80% longer-peptide coverage	topn	20	net_strength	Network strength	Net_Strength	higher_better	30	0.0	0.0	0.0	0	1	28	1	0.0	0.0
strict_positive_experimental	Strict positive experimental evidence	relaxed_min8_peptide_cov80	Relaxed min-8 + ≥80% longer-peptide coverage	topn	20	net_wci	Network WCI	Net_WCI	higher_better	30	0.0	0.0	0.0	0	1	28	1	0.0	0.0
strict_positive_experimental	Strict positive experimental evidence	relaxed_min8_peptide_cov80	Relaxed min-8 + ≥80% longer-peptide coverage	topn	20	tumor_dna_vaf	Tumor DNA VAF	Tumor DNA VAF	higher_better	30	0.0	0.0016666666666666668	0.0	1	2	27	1	0.0	0.0
strict_positive_experimental	Strict positive experimental evidence	relaxed_min8_peptide_cov80	Relaxed min-8 + ≥80% longer-peptide coverage	topn	30	borda	Borda	Borda_Rank	lower_better	30	0.0	-0.0022222222222222222	0.0	-2	0	28	2	0.0	0.0
strict_positive_experimental	Strict positive experimental evidence	relaxed_min8_peptide_cov80	Relaxed min-8 + ≥80% longer-peptide coverage	topn	30	depmap_survivability	DepMap survivability	Depmap_survivability_score	lower_better	30	0.0	-0.0011111111111111111	0.0	-1	1	27	2	0.0	0.0
strict_positive_experimental	Strict positive experimental evidence	relaxed_min8_peptide_cov80	Relaxed min-8 + ≥80% longer-peptide coverage	topn	30	net_betweenness	Network betweenness	Net_Betweenness	higher_better	30	0.0	-0.0022222222222222222	0.0	-2	1	27	2	0.0	0.0
strict_positive_experimental	Strict positive experimental evidence	relaxed_min8_peptide_cov80	Relaxed min-8 + ≥80% longer-peptide coverage	topn	30	net_degree	Network degree	Net_Degree	higher_better	30	0.0	-0.0033333333333333335	0.0	-3	0	27	3	0.0	0.0
strict_positive_experimental	Strict positive experimental evidence	relaxed_min8_peptide_cov80	Relaxed min-8 + ≥80% longer-peptide coverage	topn	30	net_impact	Network impact	Net_Impact	higher_better	30	0.0	-0.0022222222222222222	0.0	-2	0	28	2	0.0	0.0
strict_positive_experimental	Strict positive experimental evidence	relaxed_min8_peptide_cov80	Relaxed min-8 + ≥80% longer-peptide coverage	topn	30	net_strength	Network strength	Net_Strength	higher_better	30	0.0	-0.0033333333333333335	0.0	-3	0	27	3	0.0	0.0
strict_positive_experimental	Strict positive experimental evidence	relaxed_min8_peptide_cov80	Relaxed min-8 + ≥80% longer-peptide coverage	topn	30	net_wci	Network WCI	Net_WCI	higher_better	30	0.0	-0.0033333333333333335	0.0	-3	0	27	3	0.0	0.0
strict_positive_experimental	Strict positive experimental evidence	relaxed_min8_peptide_cov80	Relaxed min-8 + ≥80% longer-peptide coverage	topn	30	tumor_dna_vaf	Tumor DNA VAF	Tumor DNA VAF	higher_better	30	0.0	0.0022222222222222222	0.0	2	4	25	1	0.0	0.0
strict_positive_experimental	Strict positive experimental evidence	relaxed_min8_peptide_cov80	Relaxed min-8 + ≥80% longer-peptide coverage	topn	40	borda	Borda	Borda_Rank	lower_better	30	0.0	-0.0016666666666666668	0.0	-2	0	28	2	0.0	0.0
strict_positive_experimental	Strict positive experimental evidence	relaxed_min8_peptide_cov80	Relaxed min-8 + ≥80% longer-peptide coverage	topn	40	depmap_survivability	DepMap survivability	Depmap_survivability_score	lower_better	30	0.0	0.0008333333333333334	0.0	1	2	27	1	0.0	0.0
strict_positive_experimental	Strict positive experimental evidence	relaxed_min8_peptide_cov80	Relaxed min-8 + ≥80% longer-peptide coverage	topn	40	net_betweenness	Network betweenness	Net_Betweenness	higher_better	30	0.0	-0.0008333333333333334	0.0	-1	2	26	2	0.0	0.0
strict_positive_experimental	Strict positive experimental evidence	relaxed_min8_peptide_cov80	Relaxed min-8 + ≥80% longer-peptide coverage	topn	40	net_degree	Network degree	Net_Degree	higher_better	30	0.0	-0.0016666666666666668	0.0	-2	1	26	3	0.0	0.0
strict_positive_experimental	Strict positive experimental evidence	relaxed_min8_peptide_cov80	Relaxed min-8 + ≥80% longer-peptide coverage	topn	40	net_impact	Network impact	Net_Impact	higher_better	30	0.0	-0.0016666666666666668	0.0	-2	0	28	2	0.0	0.0
strict_positive_experimental	Strict positive experimental evidence	relaxed_min8_peptide_cov80	Relaxed min-8 + ≥80% longer-peptide coverage	topn	40	net_strength	Network strength	Net_Strength	higher_better	30	0.0	-0.0025000000000000005	0.0	-3	0	27	3	0.0	0.0
strict_positive_experimental	Strict positive experimental evidence	relaxed_min8_peptide_cov80	Relaxed min-8 + ≥80% longer-peptide coverage	topn	40	net_wci	Network WCI	Net_WCI	higher_better	30	0.0	-0.0016666666666666668	0.0	-2	0	28	2	0.0	0.0
strict_positive_experimental	Strict positive experimental evidence	relaxed_min8_peptide_cov80	Relaxed min-8 + ≥80% longer-peptide coverage	topn	40	tumor_dna_vaf	Tumor DNA VAF	Tumor DNA VAF	higher_better	30	0.0	0.0016666666666666668	0.0	2	4	25	1	0.0	0.0
strict_positive_experimental	Strict positive experimental evidence	relaxed_min8_peptide_cov80	Relaxed min-8 + ≥80% longer-peptide coverage	topn	50	borda	Borda	Borda_Rank	lower_better	30	0.0	0.0	0.0	0	0	30	0	0.0	0.0
strict_positive_experimental	Strict positive experimental evidence	relaxed_min8_peptide_cov80	Relaxed min-8 + ≥80% longer-peptide coverage	topn	50	depmap_survivability	DepMap survivability	Depmap_survivability_score	lower_better	30	0.0	0.0006666666666666666	0.0	1	2	27	1	0.0	0.0
strict_positive_experimental	Strict positive experimental evidence	relaxed_min8_peptide_cov80	Relaxed min-8 + ≥80% longer-peptide coverage	topn	50	net_betweenness	Network betweenness	Net_Betweenness	higher_better	30	0.0	0.0006666666666666666	0.0	1	2	27	1	0.0	0.0
strict_positive_experimental	Strict positive experimental evidence	relaxed_min8_peptide_cov80	Relaxed min-8 + ≥80% longer-peptide coverage	topn	50	net_degree	Network degree	Net_Degree	higher_better	30	0.0	-0.0006666666666666666	0.0	-1	1	27	2	0.0	0.0
strict_positive_experimental	Strict positive experimental evidence	relaxed_min8_peptide_cov80	Relaxed min-8 + ≥80% longer-peptide coverage	topn	50	net_impact	Network impact	Net_Impact	higher_better	30	0.0	-0.0006666666666666666	0.0	-1	1	27	2	0.0	0.0
strict_positive_experimental	Strict positive experimental evidence	relaxed_min8_peptide_cov80	Relaxed min-8 + ≥80% longer-peptide coverage	topn	50	net_strength	Network strength	Net_Strength	higher_better	30	0.0	-0.0006666666666666666	0.0	-1	1	27	2	0.0	0.0
strict_positive_experimental	Strict positive experimental evidence	relaxed_min8_peptide_cov80	Relaxed min-8 + ≥80% longer-peptide coverage	topn	50	net_wci	Network WCI	Net_WCI	higher_better	30	0.0	-0.0006666666666666666	0.0	-1	1	27	2	0.0	0.0
strict_positive_experimental	Strict positive experimental evidence	relaxed_min8_peptide_cov80	Relaxed min-8 + ≥80% longer-peptide coverage	topn	50	tumor_dna_vaf	Tumor DNA VAF	Tumor DNA VAF	higher_better	30	0.0	0.002	0.0	3	4	25	1	0.0	0.0
