sample	scenario	n_candidates	spearman_rho_vs_default_rank	spearman_p_vs_default_rank	top10_overlap_with_default_n	top10_overlap_with_default_fraction	top20_overlap_with_default_n	top20_overlap_with_default_fraction	scenario_top10_driver_rows	default_top10_driver_rows
Sample_TCGA-BF-A1PV	mhc_ic50_only	44	0.38308668076109936	0.010267126082235735	2	0.2	11	0.55	2	0
Sample_TCGA-BF-A1PV	depmap_only	44	0.6752642706131078	4.954956814548869e-07	7	0.7	14	0.7	2	0
Sample_TCGA-BF-A1PV	network_only	44	0.8370683579985906	1.4440826599250477e-12	8	0.8	17	0.85	0	0
Sample_TCGA-BF-A1PV	no_network_mhc_ic50_depmap	44	0.7203664552501762	3.530695928070331e-08	5	0.5	14	0.7	2	0
Sample_TCGA-BF-A1PV	no_mhc_ic50_depmap_network	44	0.9148696264975336	3.812128258159475e-18	9	0.9	18	0.9	0	0
Sample_TCGA-BF-A1PV	no_depmap_mhc_ic50_network	44	0.9302325581395349	6.794019629176797e-20	8	0.8	17	0.85	0	0
Sample_TCGA-BF-A1PV	network_weight_0pct	44	0.7203664552501762	3.530695928070331e-08	5	0.5	14	0.7	2	0
Sample_TCGA-BF-A1PV	network_weight_25pct	44	0.9100775193798449	1.1479749321872134e-17	7	0.7	16	0.8	1	0
Sample_TCGA-BF-A1PV	network_weight_50pct	44	0.9984496124031007	2.5245094417878797e-54	10	1.0	20	1.0	0	0
Sample_TCGA-BF-A1PV	network_weight_75pct	44	0.9444679351656096	6.480268479856324e-22	8	0.8	19	0.95	0	0
Sample_TCGA-BF-A1PV	network_weight_100pct	44	0.8370683579985906	1.4440826599250477e-12	8	0.8	17	0.85	0	0
Sample_TCGA-BF-A1PV	leave_out_Net_Betweenness	44	0.9837914023960537	5.57918223034856e-33	10	1.0	20	1.0	0	0
Sample_TCGA-BF-A1PV	leave_out_Net_Degree	44	0.9921071176885131	1.6539754976956804e-39	10	1.0	19	0.95	0	0
Sample_TCGA-BF-A1PV	leave_out_Net_Impact	44	0.9977448907681464	6.55429893918223e-51	9	0.9	20	1.0	0	0
Sample_TCGA-BF-A1PV	leave_out_Net_Strength	44	0.9977448907681464	6.55429893918223e-51	9	0.9	20	1.0	0	0
Sample_TCGA-BF-A1PV	leave_out_Net_WCI	44	0.9873150105708244	3.3551597639321437e-35	9	0.9	18	0.9	0	0
Sample_TCGA-BF-A3DJ	mhc_ic50_only	35	0.265546218487395	0.12313015296618025	4	0.4	13	0.65	2	1
Sample_TCGA-BF-A3DJ	depmap_only	35	0.4549019607843138	0.006040138210568557	5	0.5	13	0.65	2	1
Sample_TCGA-BF-A3DJ	network_only	35	0.7717086834733894	5.72023781135664e-08	8	0.8	17	0.85	0	1
Sample_TCGA-BF-A3DJ	no_network_mhc_ic50_depmap	35	0.430812324929972	0.009778098788228247	5	0.5	12	0.6	1	1
Sample_TCGA-BF-A3DJ	no_mhc_ic50_depmap_network	35	0.869747899159664	1.1870156675312924e-11	9	0.9	17	0.85	2	1
Sample_TCGA-BF-A3DJ	no_depmap_mhc_ic50_network	35	0.8593837535014005	3.8733597105511515e-11	9	0.9	17	0.85	1	1
Sample_TCGA-BF-A3DJ	network_weight_0pct	35	0.430812324929972	0.009778098788228247	5	0.5	12	0.6	1	1
Sample_TCGA-BF-A3DJ	network_weight_25pct	35	0.7535014005602241	1.748607199290298e-07	7	0.7	14	0.7	1	1
Sample_TCGA-BF-A3DJ	network_weight_50pct	35	0.9980392156862745	2.662289702352051e-41	10	1.0	19	0.95	1	1
Sample_TCGA-BF-A3DJ	network_weight_75pct	35	0.8896358543417368	8.992250630721315e-13	10	1.0	18	0.9	1	1
Sample_TCGA-BF-A3DJ	network_weight_100pct	35	0.7683473389355743	7.08392918296656e-08	8	0.8	17	0.85	0	1
Sample_TCGA-BF-A3DJ	leave_out_Net_Betweenness	35	0.9781512605042018	4.337562143527945e-24	10	1.0	18	0.9	1	1
Sample_TCGA-BF-A3DJ	leave_out_Net_Degree	35	0.9747899159663865	4.486475577058663e-23	10	1.0	19	0.95	1	1
Sample_TCGA-BF-A3DJ	leave_out_Net_Impact	35	0.9820728291316526	1.7069126476113185e-25	10	1.0	19	0.95	1	1
Sample_TCGA-BF-A3DJ	leave_out_Net_Strength	35	0.9893557422969188	3.3107942462400625e-29	10	1.0	19	0.95	1	1
Sample_TCGA-BF-A3DJ	leave_out_Net_WCI	35	0.9778711484593837	5.341140387760822e-24	9	0.9	20	1.0	2	1
Sample_TCGA-BF-A3DL	mhc_ic50_only	46	0.12870798643231576	0.3939533091892541	3	0.3	9	0.45	3	2
Sample_TCGA-BF-A3DL	depmap_only	46	0.5058896083872957	0.00033503025699309005	3	0.3	11	0.55	2	2
Sample_TCGA-BF-A3DL	network_only	46	0.7678692568609312	4.743852386225963e-10	6	0.6	15	0.75	1	2
Sample_TCGA-BF-A3DL	no_network_mhc_ic50_depmap	46	0.40154178230033916	0.0056765754642223755	4	0.4	12	0.6	3	2
Sample_TCGA-BF-A3DL	no_mhc_ic50_depmap_network	46	0.9018193031144003	1.2211873477473746e-17	6	0.6	17	0.85	0	2
Sample_TCGA-BF-A3DL	no_depmap_mhc_ic50_network	46	0.8347209374036385	5.643097888778233e-13	7	0.7	16	0.8	2	2
Sample_TCGA-BF-A3DL	network_weight_0pct	46	0.40154178230033916	0.0056765754642223755	4	0.4	12	0.6	3	2
Sample_TCGA-BF-A3DL	network_weight_25pct	46	0.8082022818378044	1.115152225076818e-11	5	0.5	16	0.8	2	2
Sample_TCGA-BF-A3DL	network_weight_50pct	46	1.0	0.0	10	1.0	20	1.0	2	2
Sample_TCGA-BF-A3DL	network_weight_75pct	46	0.8893617021276595	1.482719742904675e-16	7	0.7	18	0.9	1	2
Sample_TCGA-BF-A3DL	network_weight_100pct	46	0.7678692568609312	4.743852386225963e-10	6	0.6	15	0.75	1	2
Sample_TCGA-BF-A3DL	leave_out_Net_Betweenness	46	0.9876657415972865	4.476515400499244e-37	9	0.9	19	0.95	2	2
Sample_TCGA-BF-A3DL	leave_out_Net_Degree	46	0.9928461301264261	2.944785370724074e-42	10	1.0	19	0.95	2	2
Sample_TCGA-BF-A3DL	leave_out_Net_Impact	46	0.9964230650632131	7.278373281208704e-49	10	1.0	20	1.0	2	2
Sample_TCGA-BF-A3DL	leave_out_Net_Strength	46	0.9962997224791859	1.53252325743519e-48	10	1.0	20	1.0	2	2
Sample_TCGA-BF-A3DL	leave_out_Net_WCI	46	0.9866790009250693	2.4095345994940805e-36	10	1.0	19	0.95	2	2
Sample_TCGA-BF-A3DM	mhc_ic50_only	94	0.49761225300726075	3.3501997344339994e-07	4	0.4	12	0.6	0	0
Sample_TCGA-BF-A3DM	depmap_only	94	0.37336271357873063	0.00021020468581771674	2	0.2	9	0.45	2	0
Sample_TCGA-BF-A3DM	network_only	94	0.8249756168045371	1.587234021050051e-24	5	0.5	11	0.55	0	0
Sample_TCGA-BF-A3DM	no_network_mhc_ic50_depmap	94	0.6202145721200737	2.6200891372431277e-11	4	0.4	12	0.6	1	0
Sample_TCGA-BF-A3DM	no_mhc_ic50_depmap_network	94	0.9055160206625005	5.1052502797329976e-36	6	0.6	15	0.75	0	0
Sample_TCGA-BF-A3DM	no_depmap_mhc_ic50_network	94	0.8995484593432793	7.441827964148391e-35	5	0.5	15	0.75	0	0
Sample_TCGA-BF-A3DM	network_weight_0pct	94	0.6202145721200737	2.6200891372431277e-11	4	0.4	12	0.6	1	0
Sample_TCGA-BF-A3DM	network_weight_25pct	94	0.8797818155546725	1.8227294302964197e-31	6	0.6	15	0.75	0	0
Sample_TCGA-BF-A3DM	network_weight_50pct	94	0.9955929631904057	2.2636055222937528e-96	10	1.0	20	1.0	0	0
Sample_TCGA-BF-A3DM	network_weight_75pct	94	0.9149080663222916	5.131738080436867e-38	6	0.6	14	0.7	0	0
Sample_TCGA-BF-A3DM	network_weight_100pct	94	0.8249756168045371	1.587234021050051e-24	5	0.5	11	0.55	0	0
Sample_TCGA-BF-A3DM	leave_out_Net_Betweenness	94	0.9846259437199725	1.6253147667979912e-71	8	0.8	19	0.95	0	0
Sample_TCGA-BF-A3DM	leave_out_Net_Degree	94	0.9925008127731821	8.811492308630826e-86	10	1.0	18	0.9	0	0
Sample_TCGA-BF-A3DM	leave_out_Net_Impact	94	0.9954773687822851	7.429161121869305e-96	10	1.0	19	0.95	0	0
Sample_TCGA-BF-A3DM	leave_out_Net_Strength	94	0.9954051222772097	1.5376422736203655e-95	10	1.0	19	0.95	0	0
Sample_TCGA-BF-A3DM	leave_out_Net_WCI	94	0.9871834699996389	3.9878150251132115e-75	10	1.0	19	0.95	0	0
Sample_TCGA-BF-A3DN	mhc_ic50_only	23	0.48320158102766797	0.019506866607219956	6	0.6	18	0.9	3	4
Sample_TCGA-BF-A3DN	depmap_only	23	0.023715415019762844	0.9144659262773517	5	0.5	17	0.85	4	4
Sample_TCGA-BF-A3DN	network_only	23	0.8833992094861661	2.35283956604644e-08	9	0.9	17	0.85	4	4
Sample_TCGA-BF-A3DN	no_network_mhc_ic50_depmap	23	0.44169960474308306	0.034850061488149	4	0.4	18	0.9	4	4
Sample_TCGA-BF-A3DN	no_mhc_ic50_depmap_network	23	0.8488142292490118	3.0692308730727684e-07	9	0.9	19	0.95	4	4
Sample_TCGA-BF-A3DN	no_depmap_mhc_ic50_network	23	0.9189723320158102	6.050839398792507e-10	9	0.9	18	0.9	4	4
Sample_TCGA-BF-A3DN	network_weight_0pct	23	0.44169960474308306	0.034850061488149	4	0.4	18	0.9	4	4
Sample_TCGA-BF-A3DN	network_weight_25pct	23	0.808300395256917	3.0719411014780727e-06	6	0.6	19	0.95	4	4
Sample_TCGA-BF-A3DN	network_weight_50pct	23	0.9960474308300397	1.433047731869926e-23	10	1.0	19	0.95	4	4
Sample_TCGA-BF-A3DN	network_weight_75pct	23	0.9594861660079053	5.004227319259318e-13	9	0.9	19	0.95	4	4
Sample_TCGA-BF-A3DN	network_weight_100pct	23	0.8903162055335968	1.277638185271966e-08	9	0.9	18	0.9	4	4
Sample_TCGA-BF-A3DN	leave_out_Net_Betweenness	23	0.9930830039525691	5.041544879133052e-21	9	0.9	20	1.0	4	4
Sample_TCGA-BF-A3DN	leave_out_Net_Degree	23	0.9881422924901186	1.4161001110682618e-18	9	0.9	19	0.95	4	4
Sample_TCGA-BF-A3DN	leave_out_Net_Impact	23	0.9901185770750988	2.1058652770074546e-19	9	0.9	19	0.95	4	4
Sample_TCGA-BF-A3DN	leave_out_Net_Strength	23	0.9901185770750988	2.1058652770074546e-19	9	0.9	19	0.95	4	4
Sample_TCGA-BF-A3DN	leave_out_Net_WCI	23	0.983201581027668	5.37082988259075e-17	10	1.0	20	1.0	4	4
Sample_TCGA-BF-A5EO	mhc_ic50_only	117	0.44358774065054407	5.469249213108148e-07	4	0.4	10	0.5	1	0
Sample_TCGA-BF-A5EO	depmap_only	117	0.6235742157231182	5.940422156677776e-14	0	0.0	6	0.3	0	0
Sample_TCGA-BF-A5EO	network_only	117	0.7982331420861902	4.455930323142921e-27	7	0.7	14	0.7	0	0
Sample_TCGA-BF-A5EO	no_network_mhc_ic50_depmap	117	0.7306609419985787	8.773014248234584e-21	5	0.5	8	0.4	1	0
Sample_TCGA-BF-A5EO	no_mhc_ic50_depmap_network	117	0.9010113725698587	1.5952783948713638e-43	7	0.7	16	0.8	0	0
Sample_TCGA-BF-A5EO	no_depmap_mhc_ic50_network	117	0.8946460383522469	4.768314663253624e-42	7	0.7	17	0.85	1	0
Sample_TCGA-BF-A5EO	network_weight_0pct	117	0.7306609419985787	8.773014248234584e-21	5	0.5	8	0.4	1	0
Sample_TCGA-BF-A5EO	network_weight_25pct	117	0.9104413585767628	6.6374556060935024e-46	7	0.7	13	0.65	1	0
Sample_TCGA-BF-A5EO	network_weight_50pct	117	0.9999943802386712	1.943486939049908e-286	10	1.0	20	1.0	0	0
Sample_TCGA-BF-A5EO	network_weight_75pct	117	0.9267986565132517	9.794650475937441e-51	7	0.7	16	0.8	0	0
Sample_TCGA-BF-A5EO	network_weight_100pct	117	0.7982331420861902	4.455930323142921e-27	7	0.7	14	0.7	0	0
Sample_TCGA-BF-A5EO	leave_out_Net_Betweenness	117	0.9885787396494633	2.2925398569629362e-96	9	0.9	19	0.95	0	0
Sample_TCGA-BF-A5EO	leave_out_Net_Degree	117	0.9901447842068275	4.972167266452367e-100	10	1.0	20	1.0	0	0
Sample_TCGA-BF-A5EO	leave_out_Net_Impact	117	0.9963340320746883	1.1925382134794325e-124	10	1.0	20	1.0	0	0
Sample_TCGA-BF-A5EO	leave_out_Net_Strength	117	0.9957196031095978	8.680262928467102e-121	10	1.0	20	1.0	0	0
Sample_TCGA-BF-A5EO	leave_out_Net_WCI	117	0.9864244917535675	4.457583892810738e-92	10	1.0	18	0.9	0	0
Sample_TCGA-BF-A5EP	mhc_ic50_only	64	0.44931318681318677	0.00019581948755308944	5	0.5	10	0.5	4	7
Sample_TCGA-BF-A5EP	depmap_only	64	0.39793956043956036	0.001128391842162121	3	0.3	5	0.25	2	7
Sample_TCGA-BF-A5EP	network_only	64	0.7721153846153844	8.02126976045809e-14	6	0.6	13	0.65	10	7
Sample_TCGA-BF-A5EP	no_network_mhc_ic50_depmap	64	0.5202838827838827	1.050068569068145e-05	4	0.4	9	0.45	1	7
Sample_TCGA-BF-A5EP	no_mhc_ic50_depmap_network	64	0.862179487179487	5.694815828020347e-20	6	0.6	16	0.8	10	7
Sample_TCGA-BF-A5EP	no_depmap_mhc_ic50_network	64	0.8711080586080586	8.20074469841535e-21	6	0.6	15	0.75	10	7
Sample_TCGA-BF-A5EP	network_weight_0pct	64	0.5202838827838827	1.050068569068145e-05	4	0.4	9	0.45	1	7
Sample_TCGA-BF-A5EP	network_weight_25pct	64	0.8289835164835163	2.7232690284973352e-17	6	0.6	13	0.65	3	7
Sample_TCGA-BF-A5EP	network_weight_50pct	64	0.9903846153846152	5.585609701958783e-55	10	1.0	19	0.95	7	7
Sample_TCGA-BF-A5EP	network_weight_75pct	64	0.8649725274725273	3.152586071362687e-20	6	0.6	13	0.65	10	7
Sample_TCGA-BF-A5EP	network_weight_100pct	64	0.7721153846153844	8.02126976045809e-14	6	0.6	13	0.65	10	7
Sample_TCGA-BF-A5EP	leave_out_Net_Betweenness	64	0.9826007326007324	4.809798384252232e-47	10	1.0	18	0.9	7	7
Sample_TCGA-BF-A5EP	leave_out_Net_Degree	64	0.9866300366300367	1.4498312783783208e-50	9	0.9	18	0.9	7	7
Sample_TCGA-BF-A5EP	leave_out_Net_Impact	64	0.9875915750915749	1.4541266265512637e-51	9	0.9	18	0.9	7	7
Sample_TCGA-BF-A5EP	leave_out_Net_Strength	64	0.988095238095238	4.0543834364558986e-52	9	0.9	18	0.9	7	7
Sample_TCGA-BF-A5EP	leave_out_Net_WCI	64	0.9848901098901098	6.270854796684075e-49	10	1.0	18	0.9	7	7
Sample_TCGA-BF-A5EQ	mhc_ic50_only	171	0.3610723114215087	1.2241526337670356e-06	2	0.2	6	0.3	0	0
Sample_TCGA-BF-A5EQ	depmap_only	171	0.6626418988648091	5.547308301507135e-23	1	0.1	9	0.45	0	0
Sample_TCGA-BF-A5EQ	network_only	171	0.845858833129335	5.394476668701449e-48	5	0.5	9	0.45	0	0
Sample_TCGA-BF-A5EQ	no_network_mhc_ic50_depmap	171	0.6732162142702859	6.329201402657843e-24	4	0.4	13	0.65	1	0
Sample_TCGA-BF-A5EQ	no_mhc_ic50_depmap_network	171	0.9194398444812443	2.0834273356743147e-70	5	0.5	11	0.55	0	0
Sample_TCGA-BF-A5EQ	no_depmap_mhc_ic50_network	171	0.9331197350421198	5.540960701141619e-77	7	0.7	13	0.65	0	0
Sample_TCGA-BF-A5EQ	network_weight_0pct	171	0.6732162142702859	6.329201402657843e-24	4	0.4	13	0.65	1	0
Sample_TCGA-BF-A5EQ	network_weight_25pct	171	0.8920728634170928	3.444243732570403e-60	6	0.6	14	0.7	0	0
Sample_TCGA-BF-A5EQ	network_weight_50pct	171	0.9979816161470709	2.8908140333460848e-204	10	1.0	20	1.0	0	0
Sample_TCGA-BF-A5EQ	network_weight_75pct	171	0.9368493052055584	5.0919175598190933e-79	5	0.5	12	0.6	0	0
Sample_TCGA-BF-A5EQ	network_weight_100pct	171	0.845858833129335	5.394476668701449e-48	5	0.5	9	0.45	0	0
Sample_TCGA-BF-A5EQ	leave_out_Net_Betweenness	171	0.9921712626298992	1.2611936647320706e-154	8	0.8	18	0.9	0	0
Sample_TCGA-BF-A5EQ	leave_out_Net_Degree	171	0.9914344685242519	2.4452006735528526e-151	8	0.8	19	0.95	0	0
Sample_TCGA-BF-A5EQ	leave_out_Net_Impact	171	0.996121631026952	2.4869933308910605e-180	9	0.9	19	0.95	0	0
Sample_TCGA-BF-A5EQ	leave_out_Net_Strength	171	0.9962944296445629	5.32327331364262e-182	9	0.9	19	0.95	0	0
Sample_TCGA-BF-A5EQ	leave_out_Net_WCI	171	0.9910408716730267	1.0713907275412092e-149	8	0.8	19	0.95	0	0
Sample_TCGA-BF-A5ER	mhc_ic50_only	34	0.028265851795263558	0.8739182598902772	3	0.3	12	0.6	0	2
Sample_TCGA-BF-A5ER	depmap_only	34	0.2507257448433919	0.15264588474026383	6	0.6	11	0.55	0	2
Sample_TCGA-BF-A5ER	network_only	34	0.7699006875477462	1.0208704397409826e-07	8	0.8	15	0.75	2	2
Sample_TCGA-BF-A5ER	no_network_mhc_ic50_depmap	34	0.2605042016806723	0.13675098186254242	3	0.3	13	0.65	0	2
Sample_TCGA-BF-A5ER	no_mhc_ic50_depmap_network	34	0.8618792971734147	5.882605292754935e-11	8	0.8	16	0.8	2	2
Sample_TCGA-BF-A5ER	no_depmap_mhc_ic50_network	34	0.8080977845683728	7.529813910884207e-09	6	0.6	17	0.85	2	2
Sample_TCGA-BF-A5ER	network_weight_0pct	34	0.2605042016806723	0.13675098186254242	3	0.3	13	0.65	0	2
Sample_TCGA-BF-A5ER	network_weight_25pct	34	0.6733384262796027	1.2774954292138812e-05	7	0.7	16	0.8	0	2
Sample_TCGA-BF-A5ER	network_weight_50pct	34	1.0	0.0	10	1.0	20	1.0	2	2
Sample_TCGA-BF-A5ER	network_weight_75pct	34	0.8692131398013749	2.5963815603711384e-11	8	0.8	17	0.85	2	2
Sample_TCGA-BF-A5ER	network_weight_100pct	34	0.7699006875477462	1.0208704397409826e-07	8	0.8	15	0.75	2	2
Sample_TCGA-BF-A5ER	leave_out_Net_Betweenness	34	0.9709702062643238	1.8983616110103446e-21	9	0.9	19	0.95	2	2
Sample_TCGA-BF-A5ER	leave_out_Net_Degree	34	0.9783040488922842	1.895289248064534e-23	9	0.9	19	0.95	1	2
Sample_TCGA-BF-A5ER	leave_out_Net_Impact	34	0.9948051948051948	2.4866639886102965e-33	9	0.9	20	1.0	2	2
Sample_TCGA-BF-A5ER	leave_out_Net_Strength	34	0.976776165011459	5.56965083019491e-23	9	0.9	19	0.95	2	2
Sample_TCGA-BF-A5ER	leave_out_Net_WCI	34	0.9825821237585942	5.817953787696173e-25	9	0.9	19	0.95	1	2
Sample_TCGA-BF-A5ES	mhc_ic50_only	117	0.3828896839844791	2.038313420725234e-05	1	0.1	7	0.35	0	1
Sample_TCGA-BF-A5ES	depmap_only	117	0.6426877470400836	5.651830417640029e-15	2	0.2	9	0.45	0	1
Sample_TCGA-BF-A5ES	network_only	117	0.8379371710153781	5.031344787137304e-32	5	0.5	13	0.65	2	1
Sample_TCGA-BF-A5ES	no_network_mhc_ic50_depmap	117	0.7483768240878252	3.078464289695708e-22	3	0.3	10	0.5	0	1
Sample_TCGA-BF-A5ES	no_mhc_ic50_depmap_network	117	0.9113837738669885	3.712854241982949e-46	6	0.6	13	0.65	2	1
Sample_TCGA-BF-A5ES	no_depmap_mhc_ic50_network	117	0.9059663188719147	9.619467674378689e-45	6	0.6	14	0.7	2	1
Sample_TCGA-BF-A5ES	network_weight_0pct	117	0.7483768240878252	3.078464289695708e-22	3	0.3	10	0.5	0	1
Sample_TCGA-BF-A5ES	network_weight_25pct	117	0.9228930558482243	1.738391718483809e-49	4	0.4	15	0.75	0	1
Sample_TCGA-BF-A5ES	network_weight_50pct	117	0.9999962534959566	1.456576942551937e-296	10	1.0	20	1.0	1	1
Sample_TCGA-BF-A5ES	network_weight_75pct	117	0.9410411554306158	5.82268379482608e-56	8	0.8	13	0.65	2	1
Sample_TCGA-BF-A5ES	network_weight_100pct	117	0.8379221849711318	5.055884081663569e-32	5	0.5	13	0.65	2	1
Sample_TCGA-BF-A5ES	leave_out_Net_Betweenness	117	0.9912856152777362	4.346844795761075e-103	8	0.8	18	0.9	1	1
Sample_TCGA-BF-A5ES	leave_out_Net_Degree	117	0.9920049454015634	3.129711457463817e-105	9	0.9	17	0.85	1	1
Sample_TCGA-BF-A5ES	leave_out_Net_Impact	117	0.9986025513810411	1.0467077279198223e-148	10	1.0	19	0.95	1	1
Sample_TCGA-BF-A5ES	leave_out_Net_Strength	117	0.9978532491687212	5.387840780661052e-138	10	1.0	19	0.95	1	1
Sample_TCGA-BF-A5ES	leave_out_Net_WCI	117	0.9882134762072239	1.386788975073539e-95	8	0.8	18	0.9	1	1
Sample_TCGA-BF-AAOU	mhc_ic50_only	50	0.4657382953181272	0.0006533851192135136	3	0.3	12	0.6	1	0
Sample_TCGA-BF-AAOU	depmap_only	50	0.26665066026410567	0.06122536861542464	6	0.6	10	0.5	0	0
Sample_TCGA-BF-AAOU	network_only	50	0.7990876350540216	3.5082330267068404e-12	6	0.6	15	0.75	0	0
Sample_TCGA-BF-AAOU	no_network_mhc_ic50_depmap	50	0.5897238895558223	6.5905971132009646e-06	5	0.5	12	0.6	1	0
Sample_TCGA-BF-AAOU	no_mhc_ic50_depmap_network	50	0.8853301320528212	1.3985201358301042e-17	6	0.6	16	0.8	0	0
Sample_TCGA-BF-AAOU	no_depmap_mhc_ic50_network	50	0.8879231692677071	8.324996867490847e-18	5	0.5	17	0.85	0	0
Sample_TCGA-BF-AAOU	network_weight_0pct	50	0.5897238895558223	6.5905971132009646e-06	5	0.5	12	0.6	1	0
Sample_TCGA-BF-AAOU	network_weight_25pct	50	0.8568067226890755	2.0683568432096724e-15	6	0.6	16	0.8	1	0
Sample_TCGA-BF-AAOU	network_weight_50pct	50	0.9982713085234093	9.565454404544261e-61	9	0.9	20	1.0	0	0
Sample_TCGA-BF-AAOU	network_weight_75pct	50	0.9166386554621849	9.535455293922921e-21	7	0.7	16	0.8	0	0
Sample_TCGA-BF-AAOU	network_weight_100pct	50	0.7990876350540216	3.5082330267068404e-12	6	0.6	15	0.75	0	0
Sample_TCGA-BF-AAOU	leave_out_Net_Betweenness	50	0.9844417767106842	6.545638226721626e-38	8	0.8	20	1.0	0	0
Sample_TCGA-BF-AAOU	leave_out_Net_Degree	50	0.9873229291716686	4.957592990922714e-40	10	1.0	17	0.85	0	0
Sample_TCGA-BF-AAOU	leave_out_Net_Impact	50	0.9918367346938775	1.3467828833863103e-44	9	0.9	18	0.9	0	0
Sample_TCGA-BF-AAOU	leave_out_Net_Strength	50	0.9909723889555822	1.493313870234838e-43	9	0.9	18	0.9	0	0
Sample_TCGA-BF-AAOU	leave_out_Net_WCI	50	0.977719087635054	3.3634568586408128e-34	8	0.8	19	0.95	0	0
Sample_TCGA-BF-AAOX	mhc_ic50_only	168	0.4999443209945284	5.2194982308129006e-12	1	0.1	7	0.35	0	0
Sample_TCGA-BF-AAOX	depmap_only	168	0.5166303065888511	7.575772190234177e-13	2	0.2	9	0.45	0	0
Sample_TCGA-BF-AAOX	network_only	168	0.7821609528196357	6.168371990455727e-36	1	0.1	11	0.55	0	0
Sample_TCGA-BF-AAOX	no_network_mhc_ic50_depmap	168	0.7147488623766838	1.4359973243798478e-27	4	0.4	10	0.5	0	0
Sample_TCGA-BF-AAOX	no_mhc_ic50_depmap_network	168	0.9043105673690659	2.912634765951005e-63	5	0.5	11	0.55	2	0
Sample_TCGA-BF-AAOX	no_depmap_mhc_ic50_network	168	0.9082131594798569	1.0846845853340899e-64	4	0.4	14	0.7	0	0
Sample_TCGA-BF-AAOX	network_weight_0pct	168	0.7147488623766838	1.4359973243798478e-27	4	0.4	10	0.5	0	0
Sample_TCGA-BF-AAOX	network_weight_25pct	168	0.9084206903184334	9.068430892191166e-65	7	0.7	13	0.65	0	0
Sample_TCGA-BF-AAOX	network_weight_50pct	168	0.9998380247113552	1.4391927849163337e-291	10	1.0	20	1.0	0	0
Sample_TCGA-BF-AAOX	network_weight_75pct	168	0.9272098238012565	1.0587176641032177e-72	6	0.6	13	0.65	0	0
Sample_TCGA-BF-AAOX	network_weight_100pct	168	0.7821609528196357	6.168371990455727e-36	1	0.1	11	0.55	0	0
Sample_TCGA-BF-AAOX	leave_out_Net_Betweenness	168	0.9897196308988111	3.909443883887711e-142	9	0.9	18	0.9	0	0
Sample_TCGA-BF-AAOX	leave_out_Net_Degree	168	0.9930198774049537	4.946933200090509e-156	9	0.9	19	0.95	0	0
Sample_TCGA-BF-AAOX	leave_out_Net_Impact	168	0.9976867904090384	9.2436493138993e-196	9	0.9	19	0.95	0	0
Sample_TCGA-BF-AAOX	leave_out_Net_Strength	168	0.9974919138898873	7.550745276537458e-193	9	0.9	19	0.95	0	0
Sample_TCGA-BF-AAOX	leave_out_Net_WCI	168	0.9883251248981328	1.4212194061984434e-137	9	0.9	16	0.8	0	0
Sample_TCGA-BF-AAP1	mhc_ic50_only	162	0.4662223859343091	4.038790220461808e-10	1	0.1	1	0.05	0	3
Sample_TCGA-BF-AAP1	depmap_only	162	0.4684353217295335	3.2535606022492496e-10	1	0.1	5	0.25	2	3
Sample_TCGA-BF-AAP1	network_only	162	0.7488204967532789	2.193323330417347e-30	5	0.5	14	0.7	2	3
Sample_TCGA-BF-AAP1	no_network_mhc_ic50_depmap	162	0.655041697186269	3.2024206257556445e-21	3	0.3	6	0.3	2	3
Sample_TCGA-BF-AAP1	no_mhc_ic50_depmap_network	162	0.8770691584775341	8.065985050585807e-53	7	0.7	15	0.75	4	3
Sample_TCGA-BF-AAP1	no_depmap_mhc_ic50_network	162	0.8874225366623338	1.0864212899001198e-55	7	0.7	15	0.75	2	3
Sample_TCGA-BF-AAP1	network_weight_0pct	162	0.655041697186269	3.2024206257556445e-21	3	0.3	6	0.3	2	3
Sample_TCGA-BF-AAP1	network_weight_25pct	162	0.8720759398273402	1.584392372638998e-51	6	0.6	11	0.55	4	3
Sample_TCGA-BF-AAP1	network_weight_50pct	162	0.9986931259270548	1.4392998491177325e-208	10	1.0	20	1.0	3	3
Sample_TCGA-BF-AAP1	network_weight_75pct	162	0.9065373341180223	8.164220223663336e-62	7	0.7	17	0.85	3	3
Sample_TCGA-BF-AAP1	network_weight_100pct	162	0.7488176741310909	2.195020653202069e-30	5	0.5	14	0.7	2	3
Sample_TCGA-BF-AAP1	leave_out_Net_Betweenness	162	0.9852235728469391	1.5699815773844979e-124	8	0.8	17	0.85	5	3
Sample_TCGA-BF-AAP1	leave_out_Net_Degree	162	0.9914643905041344	1.7196682324922177e-143	10	1.0	19	0.95	3	3
Sample_TCGA-BF-AAP1	leave_out_Net_Impact	162	0.9957660667183207	8.898419382082233e-168	10	1.0	20	1.0	3	3
Sample_TCGA-BF-AAP1	leave_out_Net_Strength	162	0.9952297685026411	1.2129477475596034e-163	10	1.0	18	0.9	3	3
Sample_TCGA-BF-AAP1	leave_out_Net_WCI	162	0.9837558093092903	2.891533365861041e-121	8	0.8	17	0.85	5	3
Sample_TCGA-BF-AAP2	mhc_ic50_only	172	0.4841482655421993	1.711559204012103e-11	1	0.1	6	0.3	1	0
Sample_TCGA-BF-AAP2	depmap_only	172	0.5042462319260983	1.7621320526130254e-12	2	0.2	8	0.4	0	0
Sample_TCGA-BF-AAP2	network_only	172	0.7018840959098916	7.74522662060545e-27	4	0.4	11	0.55	0	0
Sample_TCGA-BF-AAP2	no_network_mhc_ic50_depmap	172	0.6701452515547505	8.87987574205227e-24	6	0.6	10	0.5	1	0
Sample_TCGA-BF-AAP2	no_mhc_ic50_depmap_network	172	0.8710282225256647	2.3127157578832708e-54	6	0.6	13	0.65	0	0
Sample_TCGA-BF-AAP2	no_depmap_mhc_ic50_network	172	0.8775891873789864	3.6539757534428097e-56	5	0.5	14	0.7	0	0
Sample_TCGA-BF-AAP2	network_weight_0pct	172	0.6701452515547505	8.87987574205227e-24	6	0.6	10	0.5	1	0
Sample_TCGA-BF-AAP2	network_weight_25pct	172	0.8747992443806112	2.1935302636410697e-55	7	0.7	15	0.75	0	0
Sample_TCGA-BF-AAP2	network_weight_50pct	172	0.9988326104951852	1.1639015200304723e-225	10	1.0	20	1.0	0	0
Sample_TCGA-BF-AAP2	network_weight_75pct	172	0.8801503692016706	6.780751728795151e-57	6	0.6	14	0.7	0	0
Sample_TCGA-BF-AAP2	network_weight_100pct	172	0.7018840959098916	7.74522662060545e-27	4	0.4	11	0.55	0	0
Sample_TCGA-BF-AAP2	leave_out_Net_Betweenness	172	0.9839277586357343	3.973983703921181e-129	8	0.8	20	1.0	0	0
Sample_TCGA-BF-AAP2	leave_out_Net_Degree	172	0.9912174575435765	2.6465112121872384e-151	10	1.0	19	0.95	0	0
Sample_TCGA-BF-AAP2	leave_out_Net_Impact	172	0.9962195446945094	2.4926290156299942e-182	10	1.0	19	0.95	0	0
Sample_TCGA-BF-AAP2	leave_out_Net_Strength	172	0.9956865547387759	1.8023755434442523e-177	10	1.0	19	0.95	0	0
Sample_TCGA-BF-AAP2	leave_out_Net_WCI	172	0.9756003801680568	7.222056048110406e-114	9	0.9	19	0.95	0	0
Sample_TCGA-BF-AAP4	mhc_ic50_only	64	0.28759157509157507	0.021205705489046142	3	0.3	7	0.35	1	2
Sample_TCGA-BF-AAP4	depmap_only	64	0.7352106227106227	4.59010680496763e-12	5	0.5	14	0.7	1	2
Sample_TCGA-BF-AAP4	network_only	64	0.8227564102564102	7.478487855790671e-17	6	0.6	15	0.75	3	2
Sample_TCGA-BF-AAP4	no_network_mhc_ic50_depmap	64	0.7108058608058607	4.698108479424943e-11	6	0.6	13	0.65	1	2
Sample_TCGA-BF-AAP4	no_mhc_ic50_depmap_network	64	0.8971611721611721	1.11582029421138e-23	6	0.6	17	0.85	3	2
Sample_TCGA-BF-AAP4	no_depmap_mhc_ic50_network	64	0.8874999999999998	1.556816868468177e-22	9	0.9	15	0.75	2	2
Sample_TCGA-BF-AAP4	network_weight_0pct	64	0.7108058608058607	4.698108479424943e-11	6	0.6	13	0.65	1	2
Sample_TCGA-BF-AAP4	network_weight_25pct	64	0.8869047619047619	1.816840869348775e-22	8	0.8	16	0.8	2	2
Sample_TCGA-BF-AAP4	network_weight_50pct	64	0.9981227106227105	6.361189909515763e-77	10	1.0	19	0.95	2	2
Sample_TCGA-BF-AAP4	network_weight_75pct	64	0.9282967032967033	2.4964706537000533e-28	8	0.8	18	0.9	3	2
Sample_TCGA-BF-AAP4	network_weight_100pct	64	0.8227564102564102	7.478487855790671e-17	6	0.6	15	0.75	3	2
Sample_TCGA-BF-AAP4	leave_out_Net_Betweenness	64	0.973580586080586	1.7691637639341642e-41	10	1.0	18	0.9	2	2
Sample_TCGA-BF-AAP4	leave_out_Net_Degree	64	0.9790750915750913	1.3924686571360098e-44	9	0.9	16	0.8	2	2
Sample_TCGA-BF-AAP4	leave_out_Net_Impact	64	0.99253663003663	2.2372988569183518e-58	10	1.0	18	0.9	2	2
Sample_TCGA-BF-AAP4	leave_out_Net_Strength	64	0.99253663003663	2.2372988569183518e-58	10	1.0	18	0.9	2	2
Sample_TCGA-BF-AAP4	leave_out_Net_WCI	64	0.9737637362637361	1.4298202119792455e-41	9	0.9	16	0.8	2	2
Sample_TCGA-BF-AAP6	mhc_ic50_only	46	0.42559358618563053	0.003191132623449483	5	0.5	13	0.65	2	0
Sample_TCGA-BF-AAP6	depmap_only	46	0.25809435707678074	0.08331229766522312	2	0.2	10	0.5	2	0
Sample_TCGA-BF-AAP6	network_only	46	0.8376811594202898	3.9156056896147473e-13	6	0.6	15	0.75	0	0
Sample_TCGA-BF-AAP6	no_network_mhc_ic50_depmap	46	0.6226950354609929	3.820064119473018e-06	6	0.6	13	0.65	0	0
Sample_TCGA-BF-AAP6	no_mhc_ic50_depmap_network	46	0.8682701202590193	5.505376109576621e-15	6	0.6	15	0.75	2	0
Sample_TCGA-BF-AAP6	no_depmap_mhc_ic50_network	46	0.8554424915201972	3.705934040103343e-14	6	0.6	16	0.8	0	0
Sample_TCGA-BF-AAP6	network_weight_0pct	46	0.6226950354609929	3.820064119473018e-06	6	0.6	13	0.65	0	0
Sample_TCGA-BF-AAP6	network_weight_25pct	46	0.8729571384520505	2.6083745968221103e-15	7	0.7	17	0.85	0	0
Sample_TCGA-BF-AAP6	network_weight_50pct	46	0.9986432315757013	4.0701689072404765e-58	10	1.0	20	1.0	0	0
Sample_TCGA-BF-AAP6	network_weight_75pct	46	0.9141535615171138	7.248839806259437e-19	7	0.7	17	0.85	0	0
Sample_TCGA-BF-AAP6	network_weight_100pct	46	0.8376811594202898	3.9156056896147473e-13	6	0.6	15	0.75	0	0
Sample_TCGA-BF-AAP6	leave_out_Net_Betweenness	46	0.9897625655257477	7.58318804372542e-39	9	0.9	20	1.0	0	0
Sample_TCGA-BF-AAP6	leave_out_Net_Degree	46	0.9737280296022202	6.51557582704164e-30	9	0.9	19	0.95	0	0
Sample_TCGA-BF-AAP6	leave_out_Net_Impact	46	0.9967930928152945	6.611630076724814e-50	9	0.9	20	1.0	0	0
Sample_TCGA-BF-AAP6	leave_out_Net_Strength	46	0.9967930928152945	6.611630076724814e-50	9	0.9	20	1.0	0	0
Sample_TCGA-BF-AAP6	leave_out_Net_WCI	46	0.9881591119333949	1.832615002192565e-37	9	0.9	19	0.95	0	0
Sample_TCGA-BF-AAP7	mhc_ic50_only	12	0.15384615384615385	0.6330906812462617	9	0.9	12	1.0	3	4
Sample_TCGA-BF-AAP7	depmap_only	12	0.8181818181818183	0.0011431050868040606	9	0.9	12	1.0	4	4
Sample_TCGA-BF-AAP7	network_only	12	0.8461538461538463	0.0005211337004810047	8	0.8	12	1.0	2	4
Sample_TCGA-BF-AAP7	no_network_mhc_ic50_depmap	12	0.5874125874125874	0.04460929646336318	10	1.0	12	1.0	4	4
Sample_TCGA-BF-AAP7	no_mhc_ic50_depmap_network	12	0.8461538461538463	0.0005211337004810047	8	0.8	12	1.0	2	4
Sample_TCGA-BF-AAP7	no_depmap_mhc_ic50_network	12	0.9020979020979022	5.9978574465376914e-05	9	0.9	12	1.0	3	4
Sample_TCGA-BF-AAP7	network_weight_0pct	12	0.5874125874125874	0.04460929646336318	10	1.0	12	1.0	4	4
Sample_TCGA-BF-AAP7	network_weight_25pct	12	0.7972027972027973	0.0019003677255282697	10	1.0	12	1.0	4	4
Sample_TCGA-BF-AAP7	network_weight_50pct	12	1.0	0.0	10	1.0	12	1.0	4	4
Sample_TCGA-BF-AAP7	network_weight_75pct	12	0.8951048951048951	8.366586429091718e-05	8	0.8	12	1.0	2	4
Sample_TCGA-BF-AAP7	network_weight_100pct	12	0.8461538461538463	0.0005211337004810047	8	0.8	12	1.0	2	4
Sample_TCGA-BF-AAP7	leave_out_Net_Betweenness	12	0.9580419580419581	9.543581826838402e-07	10	1.0	12	1.0	4	4
Sample_TCGA-BF-AAP7	leave_out_Net_Degree	12	0.9930069930069931	1.301673056063441e-10	10	1.0	12	1.0	4	4
Sample_TCGA-BF-AAP7	leave_out_Net_Impact	12	0.9930069930069931	1.301673056063441e-10	10	1.0	12	1.0	4	4
Sample_TCGA-BF-AAP7	leave_out_Net_Strength	12	0.9930069930069931	1.301673056063441e-10	10	1.0	12	1.0	4	4
Sample_TCGA-BF-AAP7	leave_out_Net_WCI	12	0.9720279720279721	1.2868115751495027e-07	10	1.0	12	1.0	4	4
Sample_TCGA-BF-AAP8	mhc_ic50_only	14	0.8197802197802198	0.00033143695693539936	9	0.9	14	1.0	2	2
Sample_TCGA-BF-AAP8	depmap_only	14	0.7318681318681319	0.0029246309468119193	9	0.9	14	1.0	2	2
Sample_TCGA-BF-AAP8	network_only	14	0.5868131868131868	0.02738437553108773	7	0.7	14	1.0	2	2
Sample_TCGA-BF-AAP8	no_network_mhc_ic50_depmap	14	0.7362637362637363	0.0026764473596131958	9	0.9	14	1.0	2	2
Sample_TCGA-BF-AAP8	no_mhc_ic50_depmap_network	14	0.9208791208791209	2.9815431614565473e-06	9	0.9	14	1.0	2	2
Sample_TCGA-BF-AAP8	no_depmap_mhc_ic50_network	14	0.8373626373626375	0.00018639737783200406	9	0.9	14	1.0	2	2
Sample_TCGA-BF-AAP8	network_weight_0pct	14	0.7362637362637363	0.0026764473596131958	9	0.9	14	1.0	2	2
Sample_TCGA-BF-AAP8	network_weight_25pct	14	0.8989010989010989	1.2358700865600784e-05	9	0.9	14	1.0	2	2
Sample_TCGA-BF-AAP8	network_weight_50pct	14	0.9824175824175824	4.1071830416421485e-10	10	1.0	14	1.0	2	2
Sample_TCGA-BF-AAP8	network_weight_75pct	14	0.7802197802197802	0.0009944938002309496	7	0.7	14	1.0	2	2
Sample_TCGA-BF-AAP8	network_weight_100pct	14	0.5868131868131868	0.02738437553108773	7	0.7	14	1.0	2	2
Sample_TCGA-BF-AAP8	leave_out_Net_Betweenness	14	0.9604395604395607	5.08105389232908e-08	9	0.9	14	1.0	2	2
Sample_TCGA-BF-AAP8	leave_out_Net_Degree	14	0.9736263736263736	4.5902787925115095e-09	10	1.0	14	1.0	2	2
Sample_TCGA-BF-AAP8	leave_out_Net_Impact	14	0.9692307692307693	1.1465229425475094e-08	10	1.0	14	1.0	2	2
Sample_TCGA-BF-AAP8	leave_out_Net_Strength	14	0.9692307692307693	1.1465229425475094e-08	10	1.0	14	1.0	2	2
Sample_TCGA-BF-AAP8	leave_out_Net_WCI	14	0.9736263736263736	4.5902787925115095e-09	9	0.9	14	1.0	2	2
Sample_TCGA-D3-A5GT	mhc_ic50_only	6	0.48571428571428577	0.3287230320699708	6	1.0	6	1.0	0	0
Sample_TCGA-D3-A5GT	depmap_only	6	1.0	0.0	6	1.0	6	1.0	0	0
Sample_TCGA-D3-A5GT	network_only	6	1.0	0.0	6	1.0	6	1.0	0	0
Sample_TCGA-D3-A5GT	no_network_mhc_ic50_depmap	6	0.942857142857143	0.004804664723032055	6	1.0	6	1.0	0	0
Sample_TCGA-D3-A5GT	no_mhc_ic50_depmap_network	6	1.0	0.0	6	1.0	6	1.0	0	0
Sample_TCGA-D3-A5GT	no_depmap_mhc_ic50_network	6	1.0	0.0	6	1.0	6	1.0	0	0
Sample_TCGA-D3-A5GT	network_weight_0pct	6	0.942857142857143	0.004804664723032055	6	1.0	6	1.0	0	0
Sample_TCGA-D3-A5GT	network_weight_25pct	6	0.942857142857143	0.004804664723032055	6	1.0	6	1.0	0	0
Sample_TCGA-D3-A5GT	network_weight_50pct	6	1.0	0.0	6	1.0	6	1.0	0	0
Sample_TCGA-D3-A5GT	network_weight_75pct	6	1.0	0.0	6	1.0	6	1.0	0	0
Sample_TCGA-D3-A5GT	network_weight_100pct	6	1.0	0.0	6	1.0	6	1.0	0	0
Sample_TCGA-D3-A5GT	leave_out_Net_Betweenness	6	1.0	0.0	6	1.0	6	1.0	0	0
Sample_TCGA-D3-A5GT	leave_out_Net_Degree	6	1.0	0.0	6	1.0	6	1.0	0	0
Sample_TCGA-D3-A5GT	leave_out_Net_Impact	6	1.0	0.0	6	1.0	6	1.0	0	0
Sample_TCGA-D3-A5GT	leave_out_Net_Strength	6	1.0	0.0	6	1.0	6	1.0	0	0
Sample_TCGA-D3-A5GT	leave_out_Net_WCI	6	1.0	0.0	6	1.0	6	1.0	0	0
Sample_TCGA-D9-A3Z4	mhc_ic50_only	49	0.5764285714285714	1.460925943526856e-05	6	0.6	11	0.55	1	1
Sample_TCGA-D9-A3Z4	depmap_only	49	0.6255102040816326	1.5437342110440909e-06	5	0.5	14	0.7	2	1
Sample_TCGA-D9-A3Z4	network_only	49	0.8143877551020406	1.098421032469122e-12	7	0.7	18	0.9	1	1
Sample_TCGA-D9-A3Z4	no_network_mhc_ic50_depmap	49	0.8095918367346938	1.8902749538062585e-12	6	0.6	14	0.7	1	1
Sample_TCGA-D9-A3Z4	no_mhc_ic50_depmap_network	49	0.8972448979591836	2.6413634902102047e-18	7	0.7	18	0.9	2	1
Sample_TCGA-D9-A3Z4	no_depmap_mhc_ic50_network	49	0.9308163265306122	3.5347483266242306e-22	8	0.8	17	0.85	1	1
Sample_TCGA-D9-A3Z4	network_weight_0pct	49	0.8095918367346938	1.8902749538062585e-12	6	0.6	14	0.7	1	1
Sample_TCGA-D9-A3Z4	network_weight_25pct	49	0.9404081632653061	1.1789355447512511e-23	7	0.7	17	0.85	2	1
Sample_TCGA-D9-A3Z4	network_weight_50pct	49	0.9972448979591836	9.291847812068894e-55	10	1.0	20	1.0	1	1
Sample_TCGA-D9-A3Z4	network_weight_75pct	49	0.9351020408163264	8.249516059796123e-23	9	0.9	19	0.95	1	1
Sample_TCGA-D9-A3Z4	network_weight_100pct	49	0.7911224489795917	1.3368604251840264e-11	7	0.7	16	0.8	1	1
Sample_TCGA-D9-A3Z4	leave_out_Net_Betweenness	49	0.99	1.2325755543670036e-41	9	0.9	20	1.0	1	1
Sample_TCGA-D9-A3Z4	leave_out_Net_Degree	49	0.9896938775510203	2.49523630663051e-41	9	0.9	20	1.0	2	1
Sample_TCGA-D9-A3Z4	leave_out_Net_Impact	49	0.9910204081632652	9.934514979321312e-43	9	0.9	19	0.95	1	1
Sample_TCGA-D9-A3Z4	leave_out_Net_Strength	49	0.9909183673469387	1.2941625306206298e-42	9	0.9	19	0.95	1	1
Sample_TCGA-D9-A3Z4	leave_out_Net_WCI	49	0.9810204081632653	3.8742648315174225e-35	9	0.9	18	0.9	2	1
Sample_TCGA-D9-A4Z2	mhc_ic50_only	28	0.4504652435686919	0.0161485869786104	6	0.6	15	0.75	1	1
Sample_TCGA-D9-A4Z2	depmap_only	28	0.8434592227695675	1.7438688731665403e-08	9	0.9	18	0.9	2	1
Sample_TCGA-D9-A4Z2	network_only	28	0.9381499726327313	1.7352874199869534e-13	9	0.9	20	1.0	0	1
Sample_TCGA-D9-A4Z2	no_network_mhc_ic50_depmap	28	0.6590038314176244	0.00013701484860887666	6	0.6	16	0.8	1	1
Sample_TCGA-D9-A4Z2	no_mhc_ic50_depmap_network	28	0.9441707717569787	4.743582166837466e-14	9	0.9	20	1.0	0	1
Sample_TCGA-D9-A4Z2	no_depmap_mhc_ic50_network	28	0.9737274220032841	3.113614543963769e-18	8	0.8	19	0.95	0	1
Sample_TCGA-D9-A4Z2	network_weight_0pct	28	0.6590038314176244	0.00013701484860887666	6	0.6	16	0.8	1	1
Sample_TCGA-D9-A4Z2	network_weight_25pct	28	0.8741105637657363	1.2309413385838747e-09	9	0.9	18	0.9	1	1
Sample_TCGA-D9-A4Z2	network_weight_50pct	28	0.9928845101258894	1.4624704547151992e-25	10	1.0	20	1.0	1	1
Sample_TCGA-D9-A4Z2	network_weight_75pct	28	0.9485495347564312	1.681959892083042e-14	9	0.9	20	1.0	0	1
Sample_TCGA-D9-A4Z2	network_weight_100pct	28	0.9381499726327313	1.7352874199869534e-13	9	0.9	20	1.0	0	1
Sample_TCGA-D9-A4Z2	leave_out_Net_Betweenness	28	0.994526546250684	4.8731260152524515e-27	10	1.0	20	1.0	1	1
Sample_TCGA-D9-A4Z2	leave_out_Net_Degree	28	0.990695128626163	4.724358720615883e-24	9	0.9	19	0.95	0	1
Sample_TCGA-D9-A4Z2	leave_out_Net_Impact	28	0.9939792008757526	1.6771999002826597e-26	10	1.0	19	0.95	1	1
Sample_TCGA-D9-A4Z2	leave_out_Net_Strength	28	0.9939792008757526	1.6771999002826597e-26	10	1.0	19	0.95	1	1
Sample_TCGA-D9-A4Z2	leave_out_Net_WCI	28	0.9726327312534209	5.260882557165727e-18	9	0.9	20	1.0	1	1
Sample_TCGA-D9-A4Z3	mhc_ic50_only	185	0.34923240210757744	1.1038176135177302e-06	2	0.2	3	0.15	0	0
Sample_TCGA-D9-A4Z3	depmap_only	185	0.49161517758993223	1.1957305867968752e-12	5	0.5	10	0.5	0	0
Sample_TCGA-D9-A4Z3	network_only	185	0.7482278912853948	1.923883291195038e-34	4	0.4	11	0.55	0	0
Sample_TCGA-D9-A4Z3	no_network_mhc_ic50_depmap	185	0.5276486865547175	1.1893180602009374e-14	5	0.5	9	0.45	0	0
Sample_TCGA-D9-A4Z3	no_mhc_ic50_depmap_network	185	0.8904230317273797	1.8170892723570053e-64	7	0.7	12	0.6	0	0
Sample_TCGA-D9-A4Z3	no_depmap_mhc_ic50_network	185	0.8858743034759865	6.054920933165861e-63	5	0.5	11	0.55	0	0
Sample_TCGA-D9-A4Z3	network_weight_0pct	185	0.5276486865547175	1.1893180602009374e-14	5	0.5	9	0.45	0	0
Sample_TCGA-D9-A4Z3	network_weight_25pct	185	0.8	1.8509697909286152e-42	8	0.8	11	0.55	0	0
Sample_TCGA-D9-A4Z3	network_weight_50pct	185	0.9948694135931163	4.952062107127519e-184	10	1.0	20	1.0	0	0
Sample_TCGA-D9-A4Z3	network_weight_75pct	185	0.8933323225048331	1.7773688480526e-65	7	0.7	13	0.65	0	0
Sample_TCGA-D9-A4Z3	network_weight_100pct	185	0.7482278912853948	1.923883291195038e-34	4	0.4	11	0.55	0	0
Sample_TCGA-D9-A4Z3	leave_out_Net_Betweenness	185	0.9907566051324816	1.0182517780105909e-160	10	1.0	18	0.9	0	0
Sample_TCGA-D9-A4Z3	leave_out_Net_Degree	185	0.9826466017209355	7.573053402771254e-136	9	0.9	19	0.95	0	0
Sample_TCGA-D9-A4Z3	leave_out_Net_Impact	185	0.9923808801789167	2.2922796988554367e-168	9	0.9	20	1.0	0	0
Sample_TCGA-D9-A4Z3	leave_out_Net_Strength	185	0.9909290777453471	1.8312490762494324e-161	9	0.9	20	1.0	0	0
Sample_TCGA-D9-A4Z3	leave_out_Net_WCI	185	0.9843391076911413	6.830702070165266e-140	9	0.9	19	0.95	0	0
Sample_TCGA-EB-A1NK	mhc_ic50_only	40	0.5945590994371484	5.220747610553568e-05	7	0.7	15	0.75	0	0
Sample_TCGA-EB-A1NK	depmap_only	40	0.2954971857410882	0.06413978288376553	3	0.3	14	0.7	2	0
Sample_TCGA-EB-A1NK	network_only	40	0.778424015009381	3.36332850459251e-09	5	0.5	15	0.75	0	0
Sample_TCGA-EB-A1NK	no_network_mhc_ic50_depmap	40	0.5883677298311445	6.526685910349315e-05	5	0.5	16	0.8	2	0
Sample_TCGA-EB-A1NK	no_mhc_ic50_depmap_network	40	0.8677298311444656	4.266329046154285e-13	6	0.6	16	0.8	0	0
Sample_TCGA-EB-A1NK	no_depmap_mhc_ic50_network	40	0.8709193245778614	2.762032378463903e-13	6	0.6	16	0.8	0	0
Sample_TCGA-EB-A1NK	network_weight_0pct	40	0.5883677298311445	6.526685910349315e-05	5	0.5	16	0.8	2	0
Sample_TCGA-EB-A1NK	network_weight_25pct	40	0.8138836772983116	1.7089805297846185e-10	7	0.7	17	0.85	1	0
Sample_TCGA-EB-A1NK	network_weight_50pct	40	0.9971857410881801	2.2710234136254955e-44	10	1.0	19	0.95	0	0
Sample_TCGA-EB-A1NK	network_weight_75pct	40	0.8506566604127581	3.6652390042889736e-12	5	0.5	16	0.8	0	0
Sample_TCGA-EB-A1NK	network_weight_100pct	40	0.778424015009381	3.36332850459251e-09	5	0.5	15	0.75	0	0
Sample_TCGA-EB-A1NK	leave_out_Net_Betweenness	40	0.9896810506566606	1.1205436258436006e-33	9	0.9	18	0.9	0	0
Sample_TCGA-EB-A1NK	leave_out_Net_Degree	40	0.9936210131332085	1.2454399048272386e-37	10	1.0	19	0.95	0	0
Sample_TCGA-EB-A1NK	leave_out_Net_Impact	40	0.9951219512195124	7.714442989407049e-40	10	1.0	19	0.95	0	0
Sample_TCGA-EB-A1NK	leave_out_Net_Strength	40	0.9951219512195124	7.714442989407049e-40	10	1.0	19	0.95	0	0
Sample_TCGA-EB-A1NK	leave_out_Net_WCI	40	0.9879924953095687	1.9663246396683254e-32	10	1.0	19	0.95	0	0
Sample_TCGA-EB-A3HV	mhc_ic50_only	28	0.6600985221674877	0.0001323475259229853	6	0.6	18	0.9	0	0
Sample_TCGA-EB-A3HV	depmap_only	28	0.6819923371647509	6.419600865428467e-05	7	0.7	16	0.8	0	0
Sample_TCGA-EB-A3HV	network_only	28	0.8308702791461413	4.420139384104567e-08	9	0.9	18	0.9	0	0
Sample_TCGA-EB-A3HV	no_network_mhc_ic50_depmap	28	0.7312534209085934	9.856384936790556e-06	5	0.5	18	0.9	0	0
Sample_TCGA-EB-A3HV	no_mhc_ic50_depmap_network	28	0.9551176792556102	2.957794336752504e-15	9	0.9	20	1.0	0	0
Sample_TCGA-EB-A3HV	no_depmap_mhc_ic50_network	28	0.9370552818828681	2.1662102408659134e-13	9	0.9	19	0.95	0	0
Sample_TCGA-EB-A3HV	network_weight_0pct	28	0.7312534209085934	9.856384936790556e-06	5	0.5	18	0.9	0	0
Sample_TCGA-EB-A3HV	network_weight_25pct	28	0.8976464148877942	9.586154711295149e-11	6	0.6	20	1.0	0	0
Sample_TCGA-EB-A3HV	network_weight_50pct	28	0.9999999999999998	4.0494065550150495e-201	10	1.0	20	1.0	0	0
Sample_TCGA-EB-A3HV	network_weight_75pct	28	0.912424740010947	1.3758352890421745e-11	9	0.9	19	0.95	0	0
Sample_TCGA-EB-A3HV	network_weight_100pct	28	0.8308702791461413	4.420139384104567e-08	9	0.9	18	0.9	0	0
Sample_TCGA-EB-A3HV	leave_out_Net_Betweenness	28	0.9994526546250683	5.008905023350608e-40	10	1.0	20	1.0	0	0
Sample_TCGA-EB-A3HV	leave_out_Net_Degree	28	0.9978106185002736	3.330789320339866e-32	9	0.9	20	1.0	0	0
Sample_TCGA-EB-A3HV	leave_out_Net_Impact	28	0.9983579638752054	7.937232081062504e-34	10	1.0	20	1.0	0	0
Sample_TCGA-EB-A3HV	leave_out_Net_Strength	28	0.9983579638752054	7.937232081062504e-34	10	1.0	20	1.0	0	0
Sample_TCGA-EB-A3HV	leave_out_Net_WCI	28	0.9972632731253421	6.040202837228008e-31	10	1.0	19	0.95	0	0
Sample_TCGA-EB-A3XB	mhc_ic50_only	61	0.2931820886307068	0.02184245776254119	1	0.1	9	0.45	0	1
Sample_TCGA-EB-A3XB	depmap_only	61	0.5543172173569749	3.5708891154845435e-06	4	0.4	11	0.55	2	1
Sample_TCGA-EB-A3XB	network_only	61	0.7610359735722406	1.0944819408235912e-12	3	0.3	13	0.65	0	1
Sample_TCGA-EB-A3XB	no_network_mhc_ic50_depmap	61	0.5879506604249998	6.286892721399589e-07	3	0.3	12	0.6	0	1
Sample_TCGA-EB-A3XB	no_mhc_ic50_depmap_network	61	0.8838826532059224	3.9342360452910064e-21	7	0.7	14	0.7	2	1
Sample_TCGA-EB-A3XB	no_depmap_mhc_ic50_network	61	0.8773516308491597	1.796856810574871e-20	5	0.5	15	0.75	0	1
Sample_TCGA-EB-A3XB	network_weight_0pct	61	0.5879506604249998	6.286892721399589e-07	3	0.3	12	0.6	0	1
Sample_TCGA-EB-A3XB	network_weight_25pct	61	0.8518885760736034	3.2258178147996467e-18	5	0.5	14	0.7	0	1
Sample_TCGA-EB-A3XB	network_weight_50pct	61	0.9999867793943632	9.373342655654247e-137	10	1.0	20	1.0	1	1
Sample_TCGA-EB-A3XB	network_weight_75pct	61	0.8861037296349429	2.2986710707393404e-21	6	0.6	15	0.75	0	1
Sample_TCGA-EB-A3XB	network_weight_100pct	61	0.7610359735722406	1.0944819408235912e-12	3	0.3	13	0.65	0	1
Sample_TCGA-EB-A3XB	leave_out_Net_Betweenness	61	0.9882996867559461	6.865246985340409e-50	9	0.9	19	0.95	1	1
Sample_TCGA-EB-A3XB	leave_out_Net_Degree	61	0.9921336877346124	5.931103080401323e-55	9	0.9	19	0.95	1	1
Sample_TCGA-EB-A3XB	leave_out_Net_Impact	61	0.9981094409841199	3.492603808616373e-73	9	0.9	20	1.0	0	1
Sample_TCGA-EB-A3XB	leave_out_Net_Strength	61	0.9983474134586577	6.622274131245325e-75	9	0.9	20	1.0	0	1
Sample_TCGA-EB-A3XB	leave_out_Net_WCI	61	0.9828792026136935	4.798673038140706e-45	7	0.7	20	1.0	0	1
Sample_TCGA-EB-A3XC	mhc_ic50_only	104	0.484839432412248	1.8324291421084204e-07	2	0.2	6	0.3	0	0
Sample_TCGA-EB-A3XC	depmap_only	104	0.5073615704683666	3.872300828312603e-08	3	0.3	9	0.45	0	0
Sample_TCGA-EB-A3XC	network_only	104	0.7350368078523419	6.516101719912781e-19	3	0.3	12	0.6	2	0
Sample_TCGA-EB-A3XC	no_network_mhc_ic50_depmap	104	0.6872079376933746	7.9173255695693295e-16	6	0.6	11	0.55	0	0
Sample_TCGA-EB-A3XC	no_mhc_ic50_depmap_network	104	0.8534940787367974	1.2302607987510774e-30	5	0.5	16	0.8	0	0
Sample_TCGA-EB-A3XC	no_depmap_mhc_ic50_network	104	0.8801450976208258	8.83121249075543e-35	6	0.6	13	0.65	0	0
Sample_TCGA-EB-A3XC	network_weight_0pct	104	0.6872079376933746	7.9173255695693295e-16	6	0.6	11	0.55	0	0
Sample_TCGA-EB-A3XC	network_weight_25pct	104	0.8784167289021659	1.7522729319556875e-34	7	0.7	14	0.7	0	0
Sample_TCGA-EB-A3XC	network_weight_50pct	104	0.9996372559479357	6.093370469322169e-162	10	1.0	20	1.0	0	0
Sample_TCGA-EB-A3XC	network_weight_75pct	104	0.8863437533340447	6.914527566563587e-36	6	0.6	17	0.85	0	0
Sample_TCGA-EB-A3XC	network_weight_100pct	104	0.7350368078523419	6.516101719912781e-19	3	0.3	12	0.6	2	0
Sample_TCGA-EB-A3XC	leave_out_Net_Betweenness	104	0.979707670969807	5.080254432146445e-73	9	0.9	18	0.9	0	0
Sample_TCGA-EB-A3XC	leave_out_Net_Degree	104	0.9870479035527581	6.91983632239719e-83	8	0.8	19	0.95	0	0
Sample_TCGA-EB-A3XC	leave_out_Net_Impact	104	0.9943561293075858	3.3063908782725475e-101	9	0.9	19	0.95	0	0
Sample_TCGA-EB-A3XC	leave_out_Net_Strength	104	0.9942067641096769	1.2482779901146514e-100	9	0.9	20	1.0	0	0
Sample_TCGA-EB-A3XC	leave_out_Net_WCI	104	0.9774671930011737	1.0033041349169875e-70	8	0.8	19	0.95	0	0
Sample_TCGA-EB-A3XD	mhc_ic50_only	22	0.24110671936758896	0.2797303069403844	5	0.5	18	0.9	0	0
Sample_TCGA-EB-A3XD	depmap_only	22	0.6679841897233203	0.0006804473875260292	8	0.8	18	0.9	0	0
Sample_TCGA-EB-A3XD	network_only	22	0.8667419536984755	1.8178504585415426e-07	8	0.8	19	0.95	0	0
Sample_TCGA-EB-A3XD	no_network_mhc_ic50_depmap	22	0.4409937888198759	0.0399399990443038	6	0.6	18	0.9	0	0
Sample_TCGA-EB-A3XD	no_mhc_ic50_depmap_network	22	0.8599661208356861	2.8985560719581313e-07	8	0.8	19	0.95	0	0
Sample_TCGA-EB-A3XD	no_depmap_mhc_ic50_network	22	0.9435347261434219	4.7051637960542144e-11	9	0.9	20	1.0	0	0
Sample_TCGA-EB-A3XD	network_weight_0pct	22	0.4409937888198759	0.0399399990443038	6	0.6	18	0.9	0	0
Sample_TCGA-EB-A3XD	network_weight_25pct	22	0.8407679277244495	9.63287185293303e-07	8	0.8	20	1.0	0	0
Sample_TCGA-EB-A3XD	network_weight_50pct	22	0.9966120835686054	3.544883639270067e-23	10	1.0	20	1.0	0	0
Sample_TCGA-EB-A3XD	network_weight_75pct	22	0.9491812535290796	1.6798277318811163e-11	8	0.8	19	0.95	0	0
Sample_TCGA-EB-A3XD	network_weight_100pct	22	0.8667419536984755	1.8178504585415426e-07	8	0.8	19	0.95	0	0
Sample_TCGA-EB-A3XD	leave_out_Net_Betweenness	22	0.9864483342744214	3.565161946317102e-17	10	1.0	20	1.0	0	0
Sample_TCGA-EB-A3XD	leave_out_Net_Degree	22	0.9830604178430267	3.274319575471334e-16	9	0.9	20	1.0	0	0
Sample_TCGA-EB-A3XD	leave_out_Net_Impact	22	0.9785431959345003	3.417063739163319e-15	10	1.0	20	1.0	0	0
Sample_TCGA-EB-A3XD	leave_out_Net_Strength	22	0.979672501411632	1.9992469191538477e-15	10	1.0	20	1.0	0	0
Sample_TCGA-EB-A3XD	leave_out_Net_WCI	22	0.9751552795031055	1.4597049208020015e-14	9	0.9	19	0.95	0	0
Sample_TCGA-EB-A3XE	mhc_ic50_only	16	0.7422688462297808	0.0009919219225543606	7	0.7	16	1.0	2	2
Sample_TCGA-EB-A3XE	depmap_only	16	0.5508106120832102	0.02702128367631636	8	0.8	16	1.0	0	2
Sample_TCGA-EB-A3XE	network_only	16	0.6804131090439657	0.0037224463641285068	8	0.8	16	1.0	2	2
Sample_TCGA-EB-A3XE	no_network_mhc_ic50_depmap	16	0.5891022589125244	0.016341748204910588	6	0.6	16	1.0	0	2
Sample_TCGA-EB-A3XE	no_mhc_ic50_depmap_network	16	0.8217976511829717	9.41831562616043e-05	10	1.0	16	1.0	2	2
Sample_TCGA-EB-A3XE	no_depmap_mhc_ic50_network	16	0.8924899222524744	3.3357704877755354e-06	9	0.9	16	1.0	2	2
Sample_TCGA-EB-A3XE	network_weight_0pct	16	0.5891022589125244	0.016341748204910588	6	0.6	16	1.0	0	2
Sample_TCGA-EB-A3XE	network_weight_25pct	16	0.8895444109579118	3.998109557413265e-06	9	0.9	16	1.0	2	2
Sample_TCGA-EB-A3XE	network_weight_50pct	16	0.9955828175621662	8.695899126787261e-16	10	1.0	16	1.0	2	2
Sample_TCGA-EB-A3XE	network_weight_75pct	16	0.7717239591754068	0.00046205463328361743	10	1.0	16	1.0	2	2
Sample_TCGA-EB-A3XE	network_weight_100pct	16	0.6804131090439657	0.0037224463641285068	8	0.8	16	1.0	2	2
Sample_TCGA-EB-A3XE	leave_out_Net_Betweenness	16	0.9955828175621662	8.695899126787261e-16	10	1.0	16	1.0	2	2
Sample_TCGA-EB-A3XE	leave_out_Net_Degree	16	0.9955828175621662	8.695899126787261e-16	10	1.0	16	1.0	2	2
Sample_TCGA-EB-A3XE	leave_out_Net_Impact	16	0.9955828175621662	8.695899126787261e-16	10	1.0	16	1.0	2	2
Sample_TCGA-EB-A3XE	leave_out_Net_Strength	16	0.9955828175621662	8.695899126787261e-16	10	1.0	16	1.0	2	2
Sample_TCGA-EB-A3XE	leave_out_Net_WCI	16	0.9808552610893532	2.4031090400014404e-11	10	1.0	16	1.0	2	2
Sample_TCGA-EB-A3XF	mhc_ic50_only	92	0.5102569240016646	2.0377971913747633e-07	4	0.4	9	0.45	1	0
Sample_TCGA-EB-A3XF	depmap_only	92	0.6250635759752168	2.740742739325738e-11	3	0.3	10	0.5	0	0
Sample_TCGA-EB-A3XF	network_only	92	0.7040673211781207	4.919312195652386e-15	6	0.6	14	0.7	0	0
Sample_TCGA-EB-A3XF	no_network_mhc_ic50_depmap	92	0.7158115376909205	1.0662293030545309e-15	5	0.5	11	0.55	0	0
Sample_TCGA-EB-A3XF	no_mhc_ic50_depmap_network	92	0.8708598554320856	1.6664274954029924e-29	7	0.7	17	0.85	0	0
Sample_TCGA-EB-A3XF	no_depmap_mhc_ic50_network	92	0.8939629795169767	3.9666101896170494e-33	8	0.8	16	0.8	0	0
Sample_TCGA-EB-A3XF	network_weight_0pct	92	0.7158115376909205	1.0662293030545309e-15	5	0.5	11	0.55	0	0
Sample_TCGA-EB-A3XF	network_weight_25pct	92	0.8853320592451026	1.1029545171120149e-31	7	0.7	14	0.7	0	0
Sample_TCGA-EB-A3XF	network_weight_50pct	92	0.9967788172556756	1.997665265773007e-100	10	1.0	20	1.0	0	0
Sample_TCGA-EB-A3XF	network_weight_75pct	92	0.8771172726291941	2.057556021442306e-30	8	0.8	16	0.8	0	0
Sample_TCGA-EB-A3XF	network_weight_100pct	92	0.7040673211781207	4.919312195652386e-15	6	0.6	14	0.7	0	0
Sample_TCGA-EB-A3XF	leave_out_Net_Betweenness	92	0.9835550144105544	1.0893148012074125e-68	10	1.0	18	0.9	0	0
Sample_TCGA-EB-A3XF	leave_out_Net_Degree	92	0.9878396498312347	1.5084936625328307e-74	10	1.0	19	0.95	0	0
Sample_TCGA-EB-A3XF	leave_out_Net_Impact	92	0.9906909359924788	9.62783587115694e-80	10	1.0	19	0.95	0	0
Sample_TCGA-EB-A3XF	leave_out_Net_Strength	92	0.9925404189078803	4.701799789223557e-84	10	1.0	20	1.0	0	0
Sample_TCGA-EB-A3XF	leave_out_Net_WCI	92	0.9753864648675307	6.940133955222365e-61	9	0.9	19	0.95	0	0
Sample_TCGA-EB-A41A	mhc_ic50_only	224	0.3683525517830451	1.3216125290462403e-08	1	0.1	3	0.15	2	1
Sample_TCGA-EB-A41A	depmap_only	224	0.5813527653213753	1.1952578961321108e-21	3	0.3	10	0.5	0	1
Sample_TCGA-EB-A41A	network_only	224	0.799604954089259	4.5544301287095677e-51	3	0.3	8	0.4	0	1
Sample_TCGA-EB-A41A	no_network_mhc_ic50_depmap	224	0.6625026692291267	1.1149910939938769e-29	7	0.7	12	0.6	1	1
Sample_TCGA-EB-A41A	no_mhc_ic50_depmap_network	224	0.8918641896220373	1.918150066770469e-78	6	0.6	11	0.55	2	1
Sample_TCGA-EB-A41A	no_depmap_mhc_ic50_network	224	0.9040807174887894	6.430827054758613e-84	5	0.5	10	0.5	2	1
Sample_TCGA-EB-A41A	network_weight_0pct	224	0.6625026692291267	1.1149910939938769e-29	7	0.7	12	0.6	1	1
Sample_TCGA-EB-A41A	network_weight_25pct	224	0.8818951526799061	1.923598535068481e-74	9	0.9	14	0.7	1	1
Sample_TCGA-EB-A41A	network_weight_50pct	224	0.9984166132820843	1.816614486084368e-279	10	1.0	19	0.95	1	1
Sample_TCGA-EB-A41A	network_weight_75pct	224	0.9192002989536623	8.191161871651485e-92	5	0.5	11	0.55	0	1
Sample_TCGA-EB-A41A	network_weight_100pct	224	0.799604954089259	4.5544301287095677e-51	3	0.3	8	0.4	0	1
Sample_TCGA-EB-A41A	leave_out_Net_Betweenness	224	0.9895569079649799	9.65561469458048e-189	9	0.9	16	0.8	1	1
Sample_TCGA-EB-A41A	leave_out_Net_Degree	224	0.9903256459534489	2.075282867320482e-192	9	0.9	15	0.75	1	1
Sample_TCGA-EB-A41A	leave_out_Net_Impact	224	0.9954569720264788	1.0006396166650302e-228	9	0.9	17	0.85	1	1
Sample_TCGA-EB-A41A	leave_out_Net_Strength	224	0.9962385223147557	8.284548262550986e-238	9	0.9	19	0.95	1	1
Sample_TCGA-EB-A41A	leave_out_Net_WCI	224	0.9846017510143074	3.854920195588064e-170	9	0.9	19	0.95	1	1
