sample	metric_a	metric_b	spearman_rho
Sample_TCGA-BF-A1PV	mhc_ic50	depmap	-0.025757751550867188
Sample_TCGA-BF-A1PV	mhc_ic50	Net_Betweenness	-0.020136158406433877
Sample_TCGA-BF-A1PV	mhc_ic50	Net_Degree	-0.024354972381595223
Sample_TCGA-BF-A1PV	mhc_ic50	Net_Impact	-0.00402244339287515
Sample_TCGA-BF-A1PV	mhc_ic50	Net_Strength	-0.00402244339287515
Sample_TCGA-BF-A1PV	mhc_ic50	Net_WCI	-0.041565248393043215
Sample_TCGA-BF-A1PV	depmap	Net_Betweenness	0.2713162048768222
Sample_TCGA-BF-A1PV	depmap	Net_Degree	0.47399296245383116
Sample_TCGA-BF-A1PV	depmap	Net_Impact	0.42338396326386435
Sample_TCGA-BF-A1PV	depmap	Net_Strength	0.42338396326386435
Sample_TCGA-BF-A1PV	depmap	Net_WCI	0.19773931472977746
Sample_TCGA-BF-A1PV	Net_Betweenness	Net_Degree	0.44757173943327105
Sample_TCGA-BF-A1PV	Net_Betweenness	Net_Impact	0.4942035734255858
Sample_TCGA-BF-A1PV	Net_Betweenness	Net_Strength	0.4942035734255858
Sample_TCGA-BF-A1PV	Net_Betweenness	Net_WCI	0.3673544386779806
Sample_TCGA-BF-A1PV	Net_Degree	Net_Impact	0.8592933398652353
Sample_TCGA-BF-A1PV	Net_Degree	Net_Strength	0.8592933398652353
Sample_TCGA-BF-A1PV	Net_Degree	Net_WCI	0.4334275888965777
Sample_TCGA-BF-A1PV	Net_Impact	Net_Strength	1.0
Sample_TCGA-BF-A1PV	Net_Impact	Net_WCI	0.7623454609678558
Sample_TCGA-BF-A1PV	Net_Strength	Net_WCI	0.7623454609678558
Sample_TCGA-BF-A3DJ	mhc_ic50	depmap	-0.0064511631880490175
Sample_TCGA-BF-A3DJ	mhc_ic50	Net_Betweenness	-0.14242447118855608
Sample_TCGA-BF-A3DJ	mhc_ic50	Net_Degree	-0.21361433805342192
Sample_TCGA-BF-A3DJ	mhc_ic50	Net_Impact	-0.20005627619021332
Sample_TCGA-BF-A3DJ	mhc_ic50	Net_Strength	-0.19458489135752166
Sample_TCGA-BF-A3DJ	mhc_ic50	Net_WCI	-0.12773418730722735
Sample_TCGA-BF-A3DJ	depmap	Net_Betweenness	-0.227611796866335
Sample_TCGA-BF-A3DJ	depmap	Net_Degree	0.06995857956650854
Sample_TCGA-BF-A3DJ	depmap	Net_Impact	0.08986871297275506
Sample_TCGA-BF-A3DJ	depmap	Net_Strength	0.09548550753355226
Sample_TCGA-BF-A3DJ	depmap	Net_WCI	-0.1364114829186926
Sample_TCGA-BF-A3DJ	Net_Betweenness	Net_Degree	0.487120167604641
Sample_TCGA-BF-A3DJ	Net_Betweenness	Net_Impact	0.5173371231722201
Sample_TCGA-BF-A3DJ	Net_Betweenness	Net_Strength	0.5081470609535406
Sample_TCGA-BF-A3DJ	Net_Betweenness	Net_WCI	0.5031109735509456
Sample_TCGA-BF-A3DJ	Net_Degree	Net_Impact	0.9413997463912691
Sample_TCGA-BF-A3DJ	Net_Degree	Net_Strength	0.9439292575772734
Sample_TCGA-BF-A3DJ	Net_Degree	Net_WCI	0.34705072952327926
Sample_TCGA-BF-A3DJ	Net_Impact	Net_Strength	0.9957859249894648
Sample_TCGA-BF-A3DJ	Net_Impact	Net_WCI	0.5254809195815492
Sample_TCGA-BF-A3DJ	Net_Strength	Net_WCI	0.5529974197787129
Sample_TCGA-BF-A3DL	mhc_ic50	depmap	-0.09545320461543413
Sample_TCGA-BF-A3DL	mhc_ic50	Net_Betweenness	-0.2788688827286021
Sample_TCGA-BF-A3DL	mhc_ic50	Net_Degree	-0.2560525921470827
Sample_TCGA-BF-A3DL	mhc_ic50	Net_Impact	-0.3318303115368609
Sample_TCGA-BF-A3DL	mhc_ic50	Net_Strength	-0.3155199033734404
Sample_TCGA-BF-A3DL	mhc_ic50	Net_WCI	-0.3048316434784717
Sample_TCGA-BF-A3DL	depmap	Net_Betweenness	-0.02045218661647692
Sample_TCGA-BF-A3DL	depmap	Net_Degree	0.15552388892523492
Sample_TCGA-BF-A3DL	depmap	Net_Impact	0.07317754215998766
Sample_TCGA-BF-A3DL	depmap	Net_Strength	0.06017645598943147
Sample_TCGA-BF-A3DL	depmap	Net_WCI	-0.13583039551523934
Sample_TCGA-BF-A3DL	Net_Betweenness	Net_Degree	0.7518403364848386
Sample_TCGA-BF-A3DL	Net_Betweenness	Net_Impact	0.7328237143662918
Sample_TCGA-BF-A3DL	Net_Betweenness	Net_Strength	0.723960244944405
Sample_TCGA-BF-A3DL	Net_Betweenness	Net_WCI	0.5403409082641247
Sample_TCGA-BF-A3DL	Net_Degree	Net_Impact	0.9278309071717329
Sample_TCGA-BF-A3DL	Net_Degree	Net_Strength	0.9326607797531127
Sample_TCGA-BF-A3DL	Net_Degree	Net_WCI	0.5833619178099904
Sample_TCGA-BF-A3DL	Net_Impact	Net_Strength	0.9810678710635402
Sample_TCGA-BF-A3DL	Net_Impact	Net_WCI	0.7603167728763225
Sample_TCGA-BF-A3DL	Net_Strength	Net_WCI	0.7830848233619996
Sample_TCGA-BF-A3DM	mhc_ic50	depmap	-0.06536930229626686
Sample_TCGA-BF-A3DM	mhc_ic50	Net_Betweenness	0.152777280260912
Sample_TCGA-BF-A3DM	mhc_ic50	Net_Degree	0.11272288060549056
Sample_TCGA-BF-A3DM	mhc_ic50	Net_Impact	0.0901253154417128
Sample_TCGA-BF-A3DM	mhc_ic50	Net_Strength	0.09673060277342041
Sample_TCGA-BF-A3DM	mhc_ic50	Net_WCI	0.10694955493972469
Sample_TCGA-BF-A3DM	depmap	Net_Betweenness	-0.05026615926045238
Sample_TCGA-BF-A3DM	depmap	Net_Degree	-0.023221587249825388
Sample_TCGA-BF-A3DM	depmap	Net_Impact	0.015518836589925296
Sample_TCGA-BF-A3DM	depmap	Net_Strength	0.01236736348642859
Sample_TCGA-BF-A3DM	depmap	Net_WCI	-0.13728976488359823
Sample_TCGA-BF-A3DM	Net_Betweenness	Net_Degree	0.695132839607924
Sample_TCGA-BF-A3DM	Net_Betweenness	Net_Impact	0.6827623695030884
Sample_TCGA-BF-A3DM	Net_Betweenness	Net_Strength	0.6726771142546882
Sample_TCGA-BF-A3DM	Net_Betweenness	Net_WCI	0.6062287010838989
Sample_TCGA-BF-A3DM	Net_Degree	Net_Impact	0.9346175556654774
Sample_TCGA-BF-A3DM	Net_Degree	Net_Strength	0.9311160044494721
Sample_TCGA-BF-A3DM	Net_Degree	Net_WCI	0.6339710343382235
Sample_TCGA-BF-A3DM	Net_Impact	Net_Strength	0.9981783878732678
Sample_TCGA-BF-A3DM	Net_Impact	Net_WCI	0.7917497920589879
Sample_TCGA-BF-A3DM	Net_Strength	Net_WCI	0.8012909491613174
Sample_TCGA-BF-A3DN	mhc_ic50	depmap	-0.35798552390574434
Sample_TCGA-BF-A3DN	mhc_ic50	Net_Betweenness	0.22388839595328666
Sample_TCGA-BF-A3DN	mhc_ic50	Net_Degree	0.2503151216649863
Sample_TCGA-BF-A3DN	mhc_ic50	Net_Impact	0.20173512389358014
Sample_TCGA-BF-A3DN	mhc_ic50	Net_Strength	0.20173512389358014
Sample_TCGA-BF-A3DN	mhc_ic50	Net_WCI	0.07930619121123543
Sample_TCGA-BF-A3DN	depmap	Net_Betweenness	-0.25539598159989463
Sample_TCGA-BF-A3DN	depmap	Net_Degree	-0.31246874223061705
Sample_TCGA-BF-A3DN	depmap	Net_Impact	-0.27631201066978517
Sample_TCGA-BF-A3DN	depmap	Net_Strength	-0.27631201066978517
Sample_TCGA-BF-A3DN	depmap	Net_WCI	-0.21047593592535982
Sample_TCGA-BF-A3DN	Net_Betweenness	Net_Degree	0.8603879287787012
Sample_TCGA-BF-A3DN	Net_Betweenness	Net_Impact	0.8569634856225109
Sample_TCGA-BF-A3DN	Net_Betweenness	Net_Strength	0.8569634856225109
Sample_TCGA-BF-A3DN	Net_Betweenness	Net_WCI	0.5898649351380432
Sample_TCGA-BF-A3DN	Net_Degree	Net_Impact	0.983058664982709
Sample_TCGA-BF-A3DN	Net_Degree	Net_Strength	0.983058664982709
Sample_TCGA-BF-A3DN	Net_Degree	Net_WCI	0.4656068930496198
Sample_TCGA-BF-A3DN	Net_Impact	Net_Strength	1.0
Sample_TCGA-BF-A3DN	Net_Impact	Net_WCI	0.5322740814299901
Sample_TCGA-BF-A3DN	Net_Strength	Net_WCI	0.5322740814299901
Sample_TCGA-BF-A5EO	mhc_ic50	depmap	0.026607264825071492
Sample_TCGA-BF-A5EO	mhc_ic50	Net_Betweenness	0.08495303553297247
Sample_TCGA-BF-A5EO	mhc_ic50	Net_Degree	0.06282695381125483
Sample_TCGA-BF-A5EO	mhc_ic50	Net_Impact	0.02635247056959975
Sample_TCGA-BF-A5EO	mhc_ic50	Net_Strength	0.03757840570773722
Sample_TCGA-BF-A5EO	mhc_ic50	Net_WCI	0.041407813488503746
Sample_TCGA-BF-A5EO	depmap	Net_Betweenness	0.05574991322324666
Sample_TCGA-BF-A5EO	depmap	Net_Degree	0.3665063834680079
Sample_TCGA-BF-A5EO	depmap	Net_Impact	0.30595465617388046
Sample_TCGA-BF-A5EO	depmap	Net_Strength	0.34137530447817127
Sample_TCGA-BF-A5EO	depmap	Net_WCI	0.1033389544688027
Sample_TCGA-BF-A5EO	Net_Betweenness	Net_Degree	0.5079031595235917
Sample_TCGA-BF-A5EO	Net_Betweenness	Net_Impact	0.5693493125153729
Sample_TCGA-BF-A5EO	Net_Betweenness	Net_Strength	0.4733601932454586
Sample_TCGA-BF-A5EO	Net_Betweenness	Net_WCI	0.4088356513908901
Sample_TCGA-BF-A5EO	Net_Degree	Net_Impact	0.8482712053838389
Sample_TCGA-BF-A5EO	Net_Degree	Net_Strength	0.8783027526959417
Sample_TCGA-BF-A5EO	Net_Degree	Net_WCI	0.2730965707245193
Sample_TCGA-BF-A5EO	Net_Impact	Net_Strength	0.9509687090125538
Sample_TCGA-BF-A5EO	Net_Impact	Net_WCI	0.5930897507963275
Sample_TCGA-BF-A5EO	Net_Strength	Net_WCI	0.6029529698332396
Sample_TCGA-BF-A5EP	mhc_ic50	depmap	0.08314250496527144
Sample_TCGA-BF-A5EP	mhc_ic50	Net_Betweenness	-0.11337442091423526
Sample_TCGA-BF-A5EP	mhc_ic50	Net_Degree	-0.07699909173299822
Sample_TCGA-BF-A5EP	mhc_ic50	Net_Impact	-0.0683654124623804
Sample_TCGA-BF-A5EP	mhc_ic50	Net_Strength	-0.08071172684237901
Sample_TCGA-BF-A5EP	mhc_ic50	Net_WCI	-0.14694437848301742
Sample_TCGA-BF-A5EP	depmap	Net_Betweenness	-0.18580560454167774
Sample_TCGA-BF-A5EP	depmap	Net_Degree	-0.10944369394958062
Sample_TCGA-BF-A5EP	depmap	Net_Impact	-0.087330282596251
Sample_TCGA-BF-A5EP	depmap	Net_Strength	-0.1221226671825974
Sample_TCGA-BF-A5EP	depmap	Net_WCI	-0.3011334845574924
Sample_TCGA-BF-A5EP	Net_Betweenness	Net_Degree	0.840370067445259
Sample_TCGA-BF-A5EP	Net_Betweenness	Net_Impact	0.8348019581640299
Sample_TCGA-BF-A5EP	Net_Betweenness	Net_Strength	0.8134841376372199
Sample_TCGA-BF-A5EP	Net_Betweenness	Net_WCI	0.7929202413292932
Sample_TCGA-BF-A5EP	Net_Degree	Net_Impact	0.9601401566062007
Sample_TCGA-BF-A5EP	Net_Degree	Net_Strength	0.9797977739509471
Sample_TCGA-BF-A5EP	Net_Degree	Net_WCI	0.7691025494777909
Sample_TCGA-BF-A5EP	Net_Impact	Net_Strength	0.9865159167786479
Sample_TCGA-BF-A5EP	Net_Impact	Net_WCI	0.8338043866591724
Sample_TCGA-BF-A5EP	Net_Strength	Net_WCI	0.8345920436147851
Sample_TCGA-BF-A5EQ	mhc_ic50	depmap	0.08859363171068158
Sample_TCGA-BF-A5EQ	mhc_ic50	Net_Betweenness	-0.16486337888781008
Sample_TCGA-BF-A5EQ	mhc_ic50	Net_Degree	-0.09683629791371857
Sample_TCGA-BF-A5EQ	mhc_ic50	Net_Impact	-0.038167972024534896
Sample_TCGA-BF-A5EQ	mhc_ic50	Net_Strength	-0.046522468983975995
Sample_TCGA-BF-A5EQ	mhc_ic50	Net_WCI	-0.014453863835320895
Sample_TCGA-BF-A5EQ	depmap	Net_Betweenness	0.19137839026275003
Sample_TCGA-BF-A5EQ	depmap	Net_Degree	0.35763725344581204
Sample_TCGA-BF-A5EQ	depmap	Net_Impact	0.3169529617907505
Sample_TCGA-BF-A5EQ	depmap	Net_Strength	0.36825166534056886
Sample_TCGA-BF-A5EQ	depmap	Net_WCI	0.24730996927409032
Sample_TCGA-BF-A5EQ	Net_Betweenness	Net_Degree	0.6707179120652991
Sample_TCGA-BF-A5EQ	Net_Betweenness	Net_Impact	0.6963106894351931
Sample_TCGA-BF-A5EQ	Net_Betweenness	Net_Strength	0.6765698597054519
Sample_TCGA-BF-A5EQ	Net_Betweenness	Net_WCI	0.47326577100232503
Sample_TCGA-BF-A5EQ	Net_Degree	Net_Impact	0.8771505189937396
Sample_TCGA-BF-A5EQ	Net_Degree	Net_Strength	0.9006203303251054
Sample_TCGA-BF-A5EQ	Net_Degree	Net_WCI	0.48836879636863306
Sample_TCGA-BF-A5EQ	Net_Impact	Net_Strength	0.9810618529206121
Sample_TCGA-BF-A5EQ	Net_Impact	Net_WCI	0.7503549951164491
Sample_TCGA-BF-A5EQ	Net_Strength	Net_WCI	0.7632717689036601
Sample_TCGA-BF-A5ER	mhc_ic50	depmap	-0.39678603066827883
Sample_TCGA-BF-A5ER	mhc_ic50	Net_Betweenness	-0.160849529843026
Sample_TCGA-BF-A5ER	mhc_ic50	Net_Degree	-0.4064134202020018
Sample_TCGA-BF-A5ER	mhc_ic50	Net_Impact	-0.3177962190074641
Sample_TCGA-BF-A5ER	mhc_ic50	Net_Strength	-0.36678214871959725
Sample_TCGA-BF-A5ER	mhc_ic50	Net_WCI	-0.2945279023942008
Sample_TCGA-BF-A5ER	depmap	Net_Betweenness	0.19109598257023713
Sample_TCGA-BF-A5ER	depmap	Net_Degree	-0.22864206047009672
Sample_TCGA-BF-A5ER	depmap	Net_Impact	0.02822085889570552
Sample_TCGA-BF-A5ER	depmap	Net_Strength	-0.2245398773006135
Sample_TCGA-BF-A5ER	depmap	Net_WCI	-0.13865030674846626
Sample_TCGA-BF-A5ER	Net_Betweenness	Net_Degree	0.22973840032238463
Sample_TCGA-BF-A5ER	Net_Betweenness	Net_Impact	0.756740090978139
Sample_TCGA-BF-A5ER	Net_Betweenness	Net_Strength	0.267534375598332
Sample_TCGA-BF-A5ER	Net_Betweenness	Net_WCI	0.28282205420395096
Sample_TCGA-BF-A5ER	Net_Degree	Net_Impact	0.6650287887866791
Sample_TCGA-BF-A5ER	Net_Degree	Net_Strength	0.8850660405294066
Sample_TCGA-BF-A5ER	Net_Degree	Net_WCI	0.5126007484732813
Sample_TCGA-BF-A5ER	Net_Impact	Net_Strength	0.7595092024539877
Sample_TCGA-BF-A5ER	Net_Impact	Net_WCI	0.5901840490797546
Sample_TCGA-BF-A5ER	Net_Strength	Net_WCI	0.7987730061349694
Sample_TCGA-BF-A5ES	mhc_ic50	depmap	-0.039333610998898934
Sample_TCGA-BF-A5ES	mhc_ic50	Net_Betweenness	0.015339192228500723
Sample_TCGA-BF-A5ES	mhc_ic50	Net_Degree	0.005608953272865558
Sample_TCGA-BF-A5ES	mhc_ic50	Net_Impact	0.0020047139072507316
Sample_TCGA-BF-A5ES	mhc_ic50	Net_Strength	0.026308591294967078
Sample_TCGA-BF-A5ES	mhc_ic50	Net_WCI	-0.08399938627820495
Sample_TCGA-BF-A5ES	depmap	Net_Betweenness	0.08241091281560675
Sample_TCGA-BF-A5ES	depmap	Net_Degree	0.45973920220875514
Sample_TCGA-BF-A5ES	depmap	Net_Impact	0.37549187884602414
Sample_TCGA-BF-A5ES	depmap	Net_Strength	0.3686037011775111
Sample_TCGA-BF-A5ES	depmap	Net_WCI	0.05354639963422952
Sample_TCGA-BF-A5ES	Net_Betweenness	Net_Degree	0.5646179600685387
Sample_TCGA-BF-A5ES	Net_Betweenness	Net_Impact	0.6016963759139684
Sample_TCGA-BF-A5ES	Net_Betweenness	Net_Strength	0.5745570047914957
Sample_TCGA-BF-A5ES	Net_Betweenness	Net_WCI	0.2500142886249356
Sample_TCGA-BF-A5ES	Net_Degree	Net_Impact	0.8472456184975308
Sample_TCGA-BF-A5ES	Net_Degree	Net_Strength	0.8644572930743207
Sample_TCGA-BF-A5ES	Net_Degree	Net_WCI	0.19833923821136257
Sample_TCGA-BF-A5ES	Net_Impact	Net_Strength	0.9853017231687117
Sample_TCGA-BF-A5ES	Net_Impact	Net_WCI	0.6041808764999963
Sample_TCGA-BF-A5ES	Net_Strength	Net_WCI	0.57790986156187
Sample_TCGA-BF-AAOU	mhc_ic50	depmap	-0.19355616216388696
Sample_TCGA-BF-AAOU	mhc_ic50	Net_Betweenness	0.09922482521146332
Sample_TCGA-BF-AAOU	mhc_ic50	Net_Degree	0.007985963420545717
Sample_TCGA-BF-AAOU	mhc_ic50	Net_Impact	0.08341943831095029
Sample_TCGA-BF-AAOU	mhc_ic50	Net_Strength	0.04267077259223724
Sample_TCGA-BF-AAOU	mhc_ic50	Net_WCI	0.20105237897063133
Sample_TCGA-BF-AAOU	depmap	Net_Betweenness	-0.19832595986172047
Sample_TCGA-BF-AAOU	depmap	Net_Degree	-0.041971533587592945
Sample_TCGA-BF-AAOU	depmap	Net_Impact	-0.002307692307692308
Sample_TCGA-BF-AAOU	depmap	Net_Strength	-0.1123076923076923
Sample_TCGA-BF-AAOU	depmap	Net_WCI	-0.12153846153846154
Sample_TCGA-BF-AAOU	Net_Betweenness	Net_Degree	0.5105064703132975
Sample_TCGA-BF-AAOU	Net_Betweenness	Net_Impact	0.5958732563791195
Sample_TCGA-BF-AAOU	Net_Betweenness	Net_Strength	0.5994547635549519
Sample_TCGA-BF-AAOU	Net_Betweenness	Net_WCI	0.6021408939368262
Sample_TCGA-BF-AAOU	Net_Degree	Net_Impact	0.9172127798683155
Sample_TCGA-BF-AAOU	Net_Degree	Net_Strength	0.9534084143383498
Sample_TCGA-BF-AAOU	Net_Degree	Net_WCI	0.3145939719363618
Sample_TCGA-BF-AAOU	Net_Impact	Net_Strength	0.9646153846153847
Sample_TCGA-BF-AAOU	Net_Impact	Net_WCI	0.5261538461538462
Sample_TCGA-BF-AAOU	Net_Strength	Net_WCI	0.5176923076923077
Sample_TCGA-BF-AAOX	mhc_ic50	depmap	0.013996695751294756
Sample_TCGA-BF-AAOX	mhc_ic50	Net_Betweenness	-0.03567503045037372
Sample_TCGA-BF-AAOX	mhc_ic50	Net_Degree	0.1587544436362868
Sample_TCGA-BF-AAOX	mhc_ic50	Net_Impact	0.09212382162888803
Sample_TCGA-BF-AAOX	mhc_ic50	Net_Strength	0.09768073763647712
Sample_TCGA-BF-AAOX	mhc_ic50	Net_WCI	0.04117508977975824
Sample_TCGA-BF-AAOX	depmap	Net_Betweenness	0.06175372862570653
Sample_TCGA-BF-AAOX	depmap	Net_Degree	0.19108967084876105
Sample_TCGA-BF-AAOX	depmap	Net_Impact	0.09497285893098739
Sample_TCGA-BF-AAOX	depmap	Net_Strength	0.15021686277338822
Sample_TCGA-BF-AAOX	depmap	Net_WCI	0.004990311733117673
Sample_TCGA-BF-AAOX	Net_Betweenness	Net_Degree	0.3784388091473317
Sample_TCGA-BF-AAOX	Net_Betweenness	Net_Impact	0.5017687986562083
Sample_TCGA-BF-AAOX	Net_Betweenness	Net_Strength	0.3935029762890966
Sample_TCGA-BF-AAOX	Net_Betweenness	Net_WCI	0.3280835753976114
Sample_TCGA-BF-AAOX	Net_Degree	Net_Impact	0.8459734459456544
Sample_TCGA-BF-AAOX	Net_Degree	Net_Strength	0.8789339602400581
Sample_TCGA-BF-AAOX	Net_Degree	Net_WCI	0.3840069632056232
Sample_TCGA-BF-AAOX	Net_Impact	Net_Strength	0.9531292912187979
Sample_TCGA-BF-AAOX	Net_Impact	Net_WCI	0.6517336998548342
Sample_TCGA-BF-AAOX	Net_Strength	Net_WCI	0.71026323483068
Sample_TCGA-BF-AAP1	mhc_ic50	depmap	0.025645278327464188
Sample_TCGA-BF-AAP1	mhc_ic50	Net_Betweenness	0.0703442741598434
Sample_TCGA-BF-AAP1	mhc_ic50	Net_Degree	-0.1207927427259348
Sample_TCGA-BF-AAP1	mhc_ic50	Net_Impact	-0.012728631640165173
Sample_TCGA-BF-AAP1	mhc_ic50	Net_Strength	-0.0578448416364215
Sample_TCGA-BF-AAP1	mhc_ic50	Net_WCI	0.10706076592471422
Sample_TCGA-BF-AAP1	depmap	Net_Betweenness	0.07813802236055692
Sample_TCGA-BF-AAP1	depmap	Net_Degree	0.06269875184476761
Sample_TCGA-BF-AAP1	depmap	Net_Impact	0.06435406665204278
Sample_TCGA-BF-AAP1	depmap	Net_Strength	0.013259289479098858
Sample_TCGA-BF-AAP1	depmap	Net_WCI	-0.14699476155143948
Sample_TCGA-BF-AAP1	Net_Betweenness	Net_Degree	0.4104670534264169
Sample_TCGA-BF-AAP1	Net_Betweenness	Net_Impact	0.5537172740301229
Sample_TCGA-BF-AAP1	Net_Betweenness	Net_Strength	0.4484849411729527
Sample_TCGA-BF-AAP1	Net_Betweenness	Net_WCI	0.3191770987821866
Sample_TCGA-BF-AAP1	Net_Degree	Net_Impact	0.9028927959460624
Sample_TCGA-BF-AAP1	Net_Degree	Net_Strength	0.9428070896384618
Sample_TCGA-BF-AAP1	Net_Degree	Net_WCI	0.4250574234406071
Sample_TCGA-BF-AAP1	Net_Impact	Net_Strength	0.948414563738589
Sample_TCGA-BF-AAP1	Net_Impact	Net_WCI	0.5851647537362784
Sample_TCGA-BF-AAP1	Net_Strength	Net_WCI	0.6379638661293275
Sample_TCGA-BF-AAP2	mhc_ic50	depmap	0.10249751934425115
Sample_TCGA-BF-AAP2	mhc_ic50	Net_Betweenness	-0.17914263971227345
Sample_TCGA-BF-AAP2	mhc_ic50	Net_Degree	-0.054537456252994075
Sample_TCGA-BF-AAP2	mhc_ic50	Net_Impact	-0.041252152273250624
Sample_TCGA-BF-AAP2	mhc_ic50	Net_Strength	-0.027715276370770883
Sample_TCGA-BF-AAP2	mhc_ic50	Net_WCI	0.13772405333868754
Sample_TCGA-BF-AAP2	depmap	Net_Betweenness	-0.09643373954649435
Sample_TCGA-BF-AAP2	depmap	Net_Degree	0.127551833255466
Sample_TCGA-BF-AAP2	depmap	Net_Impact	0.010414866924764727
Sample_TCGA-BF-AAP2	depmap	Net_Strength	0.03945525681893375
Sample_TCGA-BF-AAP2	depmap	Net_WCI	-0.1524634167068884
Sample_TCGA-BF-AAP2	Net_Betweenness	Net_Degree	0.4721751055071476
Sample_TCGA-BF-AAP2	Net_Betweenness	Net_Impact	0.48599376155050894
Sample_TCGA-BF-AAP2	Net_Betweenness	Net_Strength	0.45362767476803056
Sample_TCGA-BF-AAP2	Net_Betweenness	Net_WCI	0.024799049022664197
Sample_TCGA-BF-AAP2	Net_Degree	Net_Impact	0.9068210245085658
Sample_TCGA-BF-AAP2	Net_Degree	Net_Strength	0.9221301039685315
Sample_TCGA-BF-AAP2	Net_Degree	Net_WCI	0.10192769028666451
Sample_TCGA-BF-AAP2	Net_Impact	Net_Strength	0.9859715704647013
Sample_TCGA-BF-AAP2	Net_Impact	Net_WCI	0.3900090397068105
Sample_TCGA-BF-AAP2	Net_Strength	Net_WCI	0.38506757367161976
Sample_TCGA-BF-AAP4	mhc_ic50	depmap	-0.024803725451691586
Sample_TCGA-BF-AAP4	mhc_ic50	Net_Betweenness	-0.1350654433700574
Sample_TCGA-BF-AAP4	mhc_ic50	Net_Degree	-0.07188490396637713
Sample_TCGA-BF-AAP4	mhc_ic50	Net_Impact	-0.13538152121315639
Sample_TCGA-BF-AAP4	mhc_ic50	Net_Strength	-0.13538152121315639
Sample_TCGA-BF-AAP4	mhc_ic50	Net_WCI	-0.08772194629907805
Sample_TCGA-BF-AAP4	depmap	Net_Betweenness	0.49045782259249415
Sample_TCGA-BF-AAP4	depmap	Net_Degree	0.20299118656797432
Sample_TCGA-BF-AAP4	depmap	Net_Impact	0.3792082641142935
Sample_TCGA-BF-AAP4	depmap	Net_Strength	0.3792082641142935
Sample_TCGA-BF-AAP4	depmap	Net_WCI	0.33649963430996965
Sample_TCGA-BF-AAP4	Net_Betweenness	Net_Degree	0.3694281045724787
Sample_TCGA-BF-AAP4	Net_Betweenness	Net_Impact	0.5445991478520961
Sample_TCGA-BF-AAP4	Net_Betweenness	Net_Strength	0.5445991478520961
Sample_TCGA-BF-AAP4	Net_Betweenness	Net_WCI	0.31826742551044446
Sample_TCGA-BF-AAP4	Net_Degree	Net_Impact	0.8178747564419566
Sample_TCGA-BF-AAP4	Net_Degree	Net_Strength	0.8178747564419566
Sample_TCGA-BF-AAP4	Net_Degree	Net_WCI	-0.1217605478252907
Sample_TCGA-BF-AAP4	Net_Impact	Net_Strength	1.0
Sample_TCGA-BF-AAP4	Net_Impact	Net_WCI	0.39060098586483727
Sample_TCGA-BF-AAP4	Net_Strength	Net_WCI	0.39060098586483727
Sample_TCGA-BF-AAP6	mhc_ic50	depmap	-0.40285908653427804
Sample_TCGA-BF-AAP6	mhc_ic50	Net_Betweenness	-0.015120488274172826
Sample_TCGA-BF-AAP6	mhc_ic50	Net_Degree	0.06669824383860429
Sample_TCGA-BF-AAP6	mhc_ic50	Net_Impact	0.14203999734070982
Sample_TCGA-BF-AAP6	mhc_ic50	Net_Strength	0.21776166839690703
Sample_TCGA-BF-AAP6	mhc_ic50	Net_WCI	0.14002139686919432
Sample_TCGA-BF-AAP6	depmap	Net_Betweenness	-0.040288527840964164
Sample_TCGA-BF-AAP6	depmap	Net_Degree	0.2797421195138022
Sample_TCGA-BF-AAP6	depmap	Net_Impact	-0.04941409882819766
Sample_TCGA-BF-AAP6	depmap	Net_Strength	-0.10893421786843574
Sample_TCGA-BF-AAP6	depmap	Net_WCI	-0.4329716077418141
Sample_TCGA-BF-AAP6	Net_Betweenness	Net_Degree	0.4920893321803135
Sample_TCGA-BF-AAP6	Net_Betweenness	Net_Impact	0.6149646718003228
Sample_TCGA-BF-AAP6	Net_Betweenness	Net_Strength	0.6149646718003228
Sample_TCGA-BF-AAP6	Net_Betweenness	Net_WCI	0.47258219933987355
Sample_TCGA-BF-AAP6	Net_Degree	Net_Impact	0.7348588789093417
Sample_TCGA-BF-AAP6	Net_Degree	Net_Strength	0.7646781588042173
Sample_TCGA-BF-AAP6	Net_Degree	Net_WCI	0.16804581189356008
Sample_TCGA-BF-AAP6	Net_Impact	Net_Strength	0.9791679583359166
Sample_TCGA-BF-AAP6	Net_Impact	Net_WCI	0.7245583953447912
Sample_TCGA-BF-AAP6	Net_Strength	Net_WCI	0.7066757303469936
Sample_TCGA-BF-AAP7	mhc_ic50	depmap	0.0567390156362642
Sample_TCGA-BF-AAP7	mhc_ic50	Net_Betweenness	-0.1418475390906605
Sample_TCGA-BF-AAP7	mhc_ic50	Net_Degree	-0.2695103242722549
Sample_TCGA-BF-AAP7	mhc_ic50	Net_Impact	-0.4255426172719815
Sample_TCGA-BF-AAP7	mhc_ic50	Net_Strength	-0.4255426172719815
Sample_TCGA-BF-AAP7	mhc_ic50	Net_WCI	-0.4964663868173117
Sample_TCGA-BF-AAP7	depmap	Net_Betweenness	-0.4857142857142857
Sample_TCGA-BF-AAP7	depmap	Net_Degree	0.8285714285714286
Sample_TCGA-BF-AAP7	depmap	Net_Impact	0.6571428571428571
Sample_TCGA-BF-AAP7	depmap	Net_Strength	0.6571428571428571
Sample_TCGA-BF-AAP7	depmap	Net_WCI	-0.3142857142857143
Sample_TCGA-BF-AAP7	Net_Betweenness	Net_Degree	-0.2
Sample_TCGA-BF-AAP7	Net_Betweenness	Net_Impact	0.08571428571428572
Sample_TCGA-BF-AAP7	Net_Betweenness	Net_Strength	0.08571428571428572
Sample_TCGA-BF-AAP7	Net_Betweenness	Net_WCI	0.7142857142857143
Sample_TCGA-BF-AAP7	Net_Degree	Net_Impact	0.9428571428571428
Sample_TCGA-BF-AAP7	Net_Degree	Net_Strength	0.9428571428571428
Sample_TCGA-BF-AAP7	Net_Degree	Net_WCI	-0.02857142857142857
Sample_TCGA-BF-AAP7	Net_Impact	Net_Strength	1.0
Sample_TCGA-BF-AAP7	Net_Impact	Net_WCI	0.2571428571428571
Sample_TCGA-BF-AAP7	Net_Strength	Net_WCI	0.2571428571428571
Sample_TCGA-BF-AAP8	mhc_ic50	depmap	0.6478704853893374
Sample_TCGA-BF-AAP8	mhc_ic50	Net_Betweenness	-0.2804515027860106
Sample_TCGA-BF-AAP8	mhc_ic50	Net_Degree	-0.06299535426392823
Sample_TCGA-BF-AAP8	mhc_ic50	Net_Impact	0.28797876234938624
Sample_TCGA-BF-AAP8	mhc_ic50	Net_Strength	0.28797876234938624
Sample_TCGA-BF-AAP8	mhc_ic50	Net_WCI	0.4370125346675655
Sample_TCGA-BF-AAP8	depmap	Net_Betweenness	-0.2658047665355975
Sample_TCGA-BF-AAP8	depmap	Net_Degree	-0.20568833780186058
Sample_TCGA-BF-AAP8	depmap	Net_Impact	0.018698939800169144
Sample_TCGA-BF-AAP8	depmap	Net_Strength	0.018698939800169144
Sample_TCGA-BF-AAP8	depmap	Net_WCI	0.11118739749916517
Sample_TCGA-BF-AAP8	Net_Betweenness	Net_Degree	0.45726459418033794
Sample_TCGA-BF-AAP8	Net_Betweenness	Net_Impact	0.4373835248681493
Sample_TCGA-BF-AAP8	Net_Betweenness	Net_Strength	0.4373835248681493
Sample_TCGA-BF-AAP8	Net_Betweenness	Net_WCI	0.3743524429635728
Sample_TCGA-BF-AAP8	Net_Degree	Net_Impact	0.8181818181818182
Sample_TCGA-BF-AAP8	Net_Degree	Net_Strength	0.8181818181818182
Sample_TCGA-BF-AAP8	Net_Degree	Net_WCI	0.10811249552346708
Sample_TCGA-BF-AAP8	Net_Impact	Net_Strength	1.0
Sample_TCGA-BF-AAP8	Net_Impact	Net_WCI	0.6126374746329801
Sample_TCGA-BF-AAP8	Net_Strength	Net_WCI	0.6126374746329801
Sample_TCGA-D3-A5GT	mhc_ic50	depmap	0.0
Sample_TCGA-D3-A5GT	mhc_ic50	Net_Betweenness	-0.21320071635561044
Sample_TCGA-D3-A5GT	mhc_ic50	Net_Degree	-0.3692744729379982
Sample_TCGA-D3-A5GT	mhc_ic50	Net_Impact	0.0
Sample_TCGA-D3-A5GT	mhc_ic50	Net_Strength	0.0
Sample_TCGA-D3-A5GT	mhc_ic50	Net_WCI	0.0
Sample_TCGA-D3-A5GT	depmap	Net_Betweenness	0.8660254037844387
Sample_TCGA-D3-A5GT	depmap	Net_Degree	0.5
Sample_TCGA-D3-A5GT	depmap	Net_Impact	1.0
Sample_TCGA-D3-A5GT	depmap	Net_Strength	1.0
Sample_TCGA-D3-A5GT	depmap	Net_WCI	1.0
Sample_TCGA-D3-A5GT	Net_Betweenness	Net_Degree	0.8660254037844387
Sample_TCGA-D3-A5GT	Net_Betweenness	Net_Impact	0.8660254037844387
Sample_TCGA-D3-A5GT	Net_Betweenness	Net_Strength	0.8660254037844387
Sample_TCGA-D3-A5GT	Net_Betweenness	Net_WCI	0.8660254037844387
Sample_TCGA-D3-A5GT	Net_Degree	Net_Impact	0.5
Sample_TCGA-D3-A5GT	Net_Degree	Net_Strength	0.5
Sample_TCGA-D3-A5GT	Net_Degree	Net_WCI	0.5
Sample_TCGA-D3-A5GT	Net_Impact	Net_Strength	1.0
Sample_TCGA-D3-A5GT	Net_Impact	Net_WCI	1.0
Sample_TCGA-D3-A5GT	Net_Strength	Net_WCI	1.0
Sample_TCGA-D9-A3Z4	mhc_ic50	depmap	0.05489539879043684
Sample_TCGA-D9-A3Z4	mhc_ic50	Net_Betweenness	0.2852369992139901
Sample_TCGA-D9-A3Z4	mhc_ic50	Net_Degree	0.20523592140061753
Sample_TCGA-D9-A3Z4	mhc_ic50	Net_Impact	0.22707895872686407
Sample_TCGA-D9-A3Z4	mhc_ic50	Net_Strength	0.19773557234477943
Sample_TCGA-D9-A3Z4	mhc_ic50	Net_WCI	-0.16217335078980222
Sample_TCGA-D9-A3Z4	depmap	Net_Betweenness	0.3035748102747385
Sample_TCGA-D9-A3Z4	depmap	Net_Degree	0.31457840383360214
Sample_TCGA-D9-A3Z4	depmap	Net_Impact	0.2896753019445793
Sample_TCGA-D9-A3Z4	depmap	Net_Strength	0.3044593683915116
Sample_TCGA-D9-A3Z4	depmap	Net_WCI	0.13831563206587283
Sample_TCGA-D9-A3Z4	Net_Betweenness	Net_Degree	0.5927946404101572
Sample_TCGA-D9-A3Z4	Net_Betweenness	Net_Impact	0.5866644213075323
Sample_TCGA-D9-A3Z4	Net_Betweenness	Net_Strength	0.5501500382385986
Sample_TCGA-D9-A3Z4	Net_Betweenness	Net_WCI	-0.014405428367531118
Sample_TCGA-D9-A3Z4	Net_Degree	Net_Impact	0.9599832215207126
Sample_TCGA-D9-A3Z4	Net_Degree	Net_Strength	0.9523846806722226
Sample_TCGA-D9-A3Z4	Net_Degree	Net_WCI	-0.002515218074607952
Sample_TCGA-D9-A3Z4	Net_Impact	Net_Strength	0.9941634241245136
Sample_TCGA-D9-A3Z4	Net_Impact	Net_WCI	0.12213349969357692
Sample_TCGA-D9-A3Z4	Net_Strength	Net_WCI	0.16973792329585125
Sample_TCGA-D9-A4Z2	mhc_ic50	depmap	0.025617528209341416
Sample_TCGA-D9-A4Z2	mhc_ic50	Net_Betweenness	-0.044858594279598554
Sample_TCGA-D9-A4Z2	mhc_ic50	Net_Degree	-0.1182462376981591
Sample_TCGA-D9-A4Z2	mhc_ic50	Net_Impact	-0.08446159835582794
Sample_TCGA-D9-A4Z2	mhc_ic50	Net_Strength	-0.07432620655312858
Sample_TCGA-D9-A4Z2	mhc_ic50	Net_WCI	0.10304314999411007
Sample_TCGA-D9-A4Z2	depmap	Net_Betweenness	0.5407574080469782
Sample_TCGA-D9-A4Z2	depmap	Net_Degree	0.6730707023755634
Sample_TCGA-D9-A4Z2	depmap	Net_Impact	0.4967530636668696
Sample_TCGA-D9-A4Z2	depmap	Net_Strength	0.5430208128315623
Sample_TCGA-D9-A4Z2	depmap	Net_WCI	-0.0296988930449041
Sample_TCGA-D9-A4Z2	Net_Betweenness	Net_Degree	0.8430354065068617
Sample_TCGA-D9-A4Z2	Net_Betweenness	Net_Impact	0.8851120399867051
Sample_TCGA-D9-A4Z2	Net_Betweenness	Net_Strength	0.8911229876266827
Sample_TCGA-D9-A4Z2	Net_Betweenness	Net_WCI	0.6458763239155957
Sample_TCGA-D9-A4Z2	Net_Degree	Net_Impact	0.948051948051948
Sample_TCGA-D9-A4Z2	Net_Degree	Net_Strength	0.9538239538239538
Sample_TCGA-D9-A4Z2	Net_Degree	Net_WCI	0.22193362193362193
Sample_TCGA-D9-A4Z2	Net_Impact	Net_Strength	0.9942279942279942
Sample_TCGA-D9-A4Z2	Net_Impact	Net_WCI	0.41933621933621934
Sample_TCGA-D9-A4Z2	Net_Strength	Net_WCI	0.43434343434343436
Sample_TCGA-D9-A4Z3	mhc_ic50	depmap	0.11425192569477209
Sample_TCGA-D9-A4Z3	mhc_ic50	Net_Betweenness	-0.11387024767020192
Sample_TCGA-D9-A4Z3	mhc_ic50	Net_Degree	-0.1666857891139135
Sample_TCGA-D9-A4Z3	mhc_ic50	Net_Impact	-0.15646407655715852
Sample_TCGA-D9-A4Z3	mhc_ic50	Net_Strength	-0.1734141619192471
Sample_TCGA-D9-A4Z3	mhc_ic50	Net_WCI	-0.10537018669359657
Sample_TCGA-D9-A4Z3	depmap	Net_Betweenness	-0.08099590797658078
Sample_TCGA-D9-A4Z3	depmap	Net_Degree	0.18871952933443029
Sample_TCGA-D9-A4Z3	depmap	Net_Impact	0.0027530962385130145
Sample_TCGA-D9-A4Z3	depmap	Net_Strength	0.03763134269071236
Sample_TCGA-D9-A4Z3	depmap	Net_WCI	-0.11835656580012086
Sample_TCGA-D9-A4Z3	Net_Betweenness	Net_Degree	0.5597956395306487
Sample_TCGA-D9-A4Z3	Net_Betweenness	Net_Impact	0.7637859334677046
Sample_TCGA-D9-A4Z3	Net_Betweenness	Net_Strength	0.6832488875559696
Sample_TCGA-D9-A4Z3	Net_Betweenness	Net_WCI	0.6879609888313121
Sample_TCGA-D9-A4Z3	Net_Degree	Net_Impact	0.8294393372428559
Sample_TCGA-D9-A4Z3	Net_Degree	Net_Strength	0.8707047774530536
Sample_TCGA-D9-A4Z3	Net_Degree	Net_WCI	0.514893880151765
Sample_TCGA-D9-A4Z3	Net_Impact	Net_Strength	0.9578727362901949
Sample_TCGA-D9-A4Z3	Net_Impact	Net_WCI	0.8086065779753613
Sample_TCGA-D9-A4Z3	Net_Strength	Net_WCI	0.810192134992352
Sample_TCGA-EB-A1NK	mhc_ic50	depmap	0.08742530104619586
Sample_TCGA-EB-A1NK	mhc_ic50	Net_Betweenness	0.05283876408141475
Sample_TCGA-EB-A1NK	mhc_ic50	Net_Degree	0.047341907495237874
Sample_TCGA-EB-A1NK	mhc_ic50	Net_Impact	0.05700955529039082
Sample_TCGA-EB-A1NK	mhc_ic50	Net_Strength	0.05700955529039082
Sample_TCGA-EB-A1NK	mhc_ic50	Net_WCI	0.03332176528393644
Sample_TCGA-EB-A1NK	depmap	Net_Betweenness	-0.44454089078498316
Sample_TCGA-EB-A1NK	depmap	Net_Degree	-0.26471721851740915
Sample_TCGA-EB-A1NK	depmap	Net_Impact	-0.17018115820702784
Sample_TCGA-EB-A1NK	depmap	Net_Strength	-0.17018115820702784
Sample_TCGA-EB-A1NK	depmap	Net_WCI	-0.2712663588860588
Sample_TCGA-EB-A1NK	Net_Betweenness	Net_Degree	0.7063308084580989
Sample_TCGA-EB-A1NK	Net_Betweenness	Net_Impact	0.7116098201655099
Sample_TCGA-EB-A1NK	Net_Betweenness	Net_Strength	0.7116098201655099
Sample_TCGA-EB-A1NK	Net_Betweenness	Net_WCI	0.5266216338722454
Sample_TCGA-EB-A1NK	Net_Degree	Net_Impact	0.9639641414783546
Sample_TCGA-EB-A1NK	Net_Degree	Net_Strength	0.9639641414783546
Sample_TCGA-EB-A1NK	Net_Degree	Net_WCI	0.6837929691526093
Sample_TCGA-EB-A1NK	Net_Impact	Net_Strength	1.0
Sample_TCGA-EB-A1NK	Net_Impact	Net_WCI	0.7621230032450784
Sample_TCGA-EB-A1NK	Net_Strength	Net_WCI	0.7621230032450784
Sample_TCGA-EB-A3HV	mhc_ic50	depmap	0.4647423108289404
Sample_TCGA-EB-A3HV	mhc_ic50	Net_Betweenness	0.15617821874527021
Sample_TCGA-EB-A3HV	mhc_ic50	Net_Degree	0.11657600920035115
Sample_TCGA-EB-A3HV	mhc_ic50	Net_Impact	0.1604467501671342
Sample_TCGA-EB-A3HV	mhc_ic50	Net_Strength	0.1604467501671342
Sample_TCGA-EB-A3HV	mhc_ic50	Net_WCI	0.2766323278743693
Sample_TCGA-EB-A3HV	depmap	Net_Betweenness	0.11231617047260502
Sample_TCGA-EB-A3HV	depmap	Net_Degree	0.31898418247774246
Sample_TCGA-EB-A3HV	depmap	Net_Impact	0.32014488715519646
Sample_TCGA-EB-A3HV	depmap	Net_Strength	0.32014488715519646
Sample_TCGA-EB-A3HV	depmap	Net_WCI	0.21983839509612704
Sample_TCGA-EB-A3HV	Net_Betweenness	Net_Degree	0.8488321796706081
Sample_TCGA-EB-A3HV	Net_Betweenness	Net_Impact	0.8636075292641479
Sample_TCGA-EB-A3HV	Net_Betweenness	Net_Strength	0.8636075292641479
Sample_TCGA-EB-A3HV	Net_Betweenness	Net_WCI	0.8258541946515076
Sample_TCGA-EB-A3HV	Net_Degree	Net_Impact	0.9921777945780087
Sample_TCGA-EB-A3HV	Net_Degree	Net_Strength	0.9921777945780087
Sample_TCGA-EB-A3HV	Net_Degree	Net_WCI	0.8579863768836035
Sample_TCGA-EB-A3HV	Net_Impact	Net_Strength	1.0
Sample_TCGA-EB-A3HV	Net_Impact	Net_WCI	0.8885483421565896
Sample_TCGA-EB-A3HV	Net_Strength	Net_WCI	0.8885483421565896
Sample_TCGA-EB-A3XB	mhc_ic50	depmap	0.011454724446111491
Sample_TCGA-EB-A3XB	mhc_ic50	Net_Betweenness	-0.18734335046107217
Sample_TCGA-EB-A3XB	mhc_ic50	Net_Degree	-0.0797256621559728
Sample_TCGA-EB-A3XB	mhc_ic50	Net_Impact	-0.21570859846095405
Sample_TCGA-EB-A3XB	mhc_ic50	Net_Strength	-0.1723234989421946
Sample_TCGA-EB-A3XB	mhc_ic50	Net_WCI	-0.22078782962412588
Sample_TCGA-EB-A3XB	depmap	Net_Betweenness	-0.10053408852785865
Sample_TCGA-EB-A3XB	depmap	Net_Degree	0.1998889153882993
Sample_TCGA-EB-A3XB	depmap	Net_Impact	0.13637686912796082
Sample_TCGA-EB-A3XB	depmap	Net_Strength	0.1482334259626836
Sample_TCGA-EB-A3XB	depmap	Net_WCI	0.011988884477967447
Sample_TCGA-EB-A3XB	Net_Betweenness	Net_Degree	0.6538208240350961
Sample_TCGA-EB-A3XB	Net_Betweenness	Net_Impact	0.6451217542545757
Sample_TCGA-EB-A3XB	Net_Betweenness	Net_Strength	0.6237148301644743
Sample_TCGA-EB-A3XB	Net_Betweenness	Net_WCI	0.3520934661207001
Sample_TCGA-EB-A3XB	Net_Degree	Net_Impact	0.8943180103813593
Sample_TCGA-EB-A3XB	Net_Degree	Net_Strength	0.9082076525592494
Sample_TCGA-EB-A3XB	Net_Degree	Net_WCI	0.4988873195230316
Sample_TCGA-EB-A3XB	Net_Impact	Net_Strength	0.9817917162895329
Sample_TCGA-EB-A3XB	Net_Impact	Net_WCI	0.7286754002911208
Sample_TCGA-EB-A3XB	Net_Strength	Net_WCI	0.7405319571258436
Sample_TCGA-EB-A3XC	mhc_ic50	depmap	0.029305280917392148
Sample_TCGA-EB-A3XC	mhc_ic50	Net_Betweenness	0.0182051829660383
Sample_TCGA-EB-A3XC	mhc_ic50	Net_Degree	-0.062177928981611424
Sample_TCGA-EB-A3XC	mhc_ic50	Net_Impact	-0.03086339126478445
Sample_TCGA-EB-A3XC	mhc_ic50	Net_Strength	-0.02221908043336142
Sample_TCGA-EB-A3XC	mhc_ic50	Net_WCI	0.018547520367986993
Sample_TCGA-EB-A3XC	depmap	Net_Betweenness	-0.05871215010307396
Sample_TCGA-EB-A3XC	depmap	Net_Degree	0.15345644540266165
Sample_TCGA-EB-A3XC	depmap	Net_Impact	0.11885827738223584
Sample_TCGA-EB-A3XC	depmap	Net_Strength	0.13411184526541636
Sample_TCGA-EB-A3XC	depmap	Net_WCI	-0.08179537814747483
Sample_TCGA-EB-A3XC	Net_Betweenness	Net_Degree	0.5213201523501992
Sample_TCGA-EB-A3XC	Net_Betweenness	Net_Impact	0.43282509913648304
Sample_TCGA-EB-A3XC	Net_Betweenness	Net_Strength	0.40279730189761964
Sample_TCGA-EB-A3XC	Net_Betweenness	Net_WCI	-0.008181522610549724
Sample_TCGA-EB-A3XC	Net_Degree	Net_Impact	0.86719307675103
Sample_TCGA-EB-A3XC	Net_Degree	Net_Strength	0.8563024471242625
Sample_TCGA-EB-A3XC	Net_Degree	Net_WCI	-0.006988004828048299
Sample_TCGA-EB-A3XC	Net_Impact	Net_Strength	0.9951004984895873
Sample_TCGA-EB-A3XC	Net_Impact	Net_WCI	0.36929070830851973
Sample_TCGA-EB-A3XC	Net_Strength	Net_WCI	0.3825158777623526
Sample_TCGA-EB-A3XD	mhc_ic50	depmap	-0.3815763048823847
Sample_TCGA-EB-A3XD	mhc_ic50	Net_Betweenness	-0.16038319055439085
Sample_TCGA-EB-A3XD	mhc_ic50	Net_Degree	-0.2923690946799619
Sample_TCGA-EB-A3XD	mhc_ic50	Net_Impact	-0.2777465259081474
Sample_TCGA-EB-A3XD	mhc_ic50	Net_Strength	-0.27311741714301163
Sample_TCGA-EB-A3XD	mhc_ic50	Net_WCI	-0.26848830837787585
Sample_TCGA-EB-A3XD	depmap	Net_Betweenness	0.053567158400558014
Sample_TCGA-EB-A3XD	depmap	Net_Degree	0.24112458998858963
Sample_TCGA-EB-A3XD	depmap	Net_Impact	0.23597327607707927
Sample_TCGA-EB-A3XD	depmap	Net_Strength	0.22524721807357567
Sample_TCGA-EB-A3XD	depmap	Net_WCI	0.3539599141156189
Sample_TCGA-EB-A3XD	Net_Betweenness	Net_Degree	0.7060942978049651
Sample_TCGA-EB-A3XD	Net_Betweenness	Net_Impact	0.7243821279260012
Sample_TCGA-EB-A3XD	Net_Betweenness	Net_Strength	0.6595999864041637
Sample_TCGA-EB-A3XD	Net_Betweenness	Net_WCI	0.4652535618386512
Sample_TCGA-EB-A3XD	Net_Degree	Net_Impact	0.9240538802942686
Sample_TCGA-EB-A3XD	Net_Degree	Net_Strength	0.9341528298056814
Sample_TCGA-EB-A3XD	Net_Degree	Net_WCI	0.8281138599358473
Sample_TCGA-EB-A3XD	Net_Impact	Net_Strength	0.9905660377358491
Sample_TCGA-EB-A3XD	Net_Impact	Net_WCI	0.5660377358490566
Sample_TCGA-EB-A3XD	Net_Strength	Net_WCI	0.6037735849056604
Sample_TCGA-EB-A3XE	mhc_ic50	depmap	0.5421686746987951
Sample_TCGA-EB-A3XE	mhc_ic50	Net_Betweenness	0.11483852438037763
Sample_TCGA-EB-A3XE	mhc_ic50	Net_Degree	0.0
Sample_TCGA-EB-A3XE	mhc_ic50	Net_Impact	0.0
Sample_TCGA-EB-A3XE	mhc_ic50	Net_Strength	0.0
Sample_TCGA-EB-A3XE	mhc_ic50	Net_WCI	-0.07228915662650602
Sample_TCGA-EB-A3XE	depmap	Net_Betweenness	-0.03189959010566045
Sample_TCGA-EB-A3XE	depmap	Net_Degree	-0.184080260127681
Sample_TCGA-EB-A3XE	depmap	Net_Impact	-0.184080260127681
Sample_TCGA-EB-A3XE	depmap	Net_Strength	-0.184080260127681
Sample_TCGA-EB-A3XE	depmap	Net_WCI	0.024096385542168676
Sample_TCGA-EB-A3XE	Net_Betweenness	Net_Degree	0.9617692030835673
Sample_TCGA-EB-A3XE	Net_Betweenness	Net_Impact	0.9617692030835673
Sample_TCGA-EB-A3XE	Net_Betweenness	Net_Strength	0.9617692030835673
Sample_TCGA-EB-A3XE	Net_Betweenness	Net_WCI	0.7145508183667941
Sample_TCGA-EB-A3XE	Net_Degree	Net_Impact	1.0
Sample_TCGA-EB-A3XE	Net_Degree	Net_Strength	1.0
Sample_TCGA-EB-A3XE	Net_Degree	Net_WCI	0.6381449017759608
Sample_TCGA-EB-A3XE	Net_Impact	Net_Strength	1.0
Sample_TCGA-EB-A3XE	Net_Impact	Net_WCI	0.6381449017759608
Sample_TCGA-EB-A3XE	Net_Strength	Net_WCI	0.6381449017759608
Sample_TCGA-EB-A3XF	mhc_ic50	depmap	0.2529717515925245
Sample_TCGA-EB-A3XF	mhc_ic50	Net_Betweenness	-0.0052286896252329434
Sample_TCGA-EB-A3XF	mhc_ic50	Net_Degree	-0.08336617055312806
Sample_TCGA-EB-A3XF	mhc_ic50	Net_Impact	-0.03710784048756628
Sample_TCGA-EB-A3XF	mhc_ic50	Net_Strength	-0.06473445043925669
Sample_TCGA-EB-A3XF	mhc_ic50	Net_WCI	0.014475327445568597
Sample_TCGA-EB-A3XF	depmap	Net_Betweenness	0.010099617186970838
Sample_TCGA-EB-A3XF	depmap	Net_Degree	0.13617741304778785
Sample_TCGA-EB-A3XF	depmap	Net_Impact	0.1823425094069828
Sample_TCGA-EB-A3XF	depmap	Net_Strength	0.12349448708822042
Sample_TCGA-EB-A3XF	depmap	Net_WCI	0.04465758950849616
Sample_TCGA-EB-A3XF	Net_Betweenness	Net_Degree	0.5895501935989812
Sample_TCGA-EB-A3XF	Net_Betweenness	Net_Impact	0.5789154176465423
Sample_TCGA-EB-A3XF	Net_Betweenness	Net_Strength	0.557129183919311
Sample_TCGA-EB-A3XF	Net_Betweenness	Net_WCI	0.13431074510091398
Sample_TCGA-EB-A3XF	Net_Degree	Net_Impact	0.8685616820549159
Sample_TCGA-EB-A3XF	Net_Degree	Net_Strength	0.9179486073645525
Sample_TCGA-EB-A3XF	Net_Degree	Net_WCI	0.12361402292119446
Sample_TCGA-EB-A3XF	Net_Impact	Net_Strength	0.9340005242949004
Sample_TCGA-EB-A3XF	Net_Impact	Net_WCI	0.42300279173176086
Sample_TCGA-EB-A3XF	Net_Strength	Net_WCI	0.44357238762612783
Sample_TCGA-EB-A41A	mhc_ic50	depmap	0.010174048475576182
Sample_TCGA-EB-A41A	mhc_ic50	Net_Betweenness	-0.07022615090442115
Sample_TCGA-EB-A41A	mhc_ic50	Net_Degree	-0.055648930038893776
Sample_TCGA-EB-A41A	mhc_ic50	Net_Impact	-0.06402061578832546
Sample_TCGA-EB-A41A	mhc_ic50	Net_Strength	-0.06498210753721241
Sample_TCGA-EB-A41A	mhc_ic50	Net_WCI	-0.07372506523727748
Sample_TCGA-EB-A41A	depmap	Net_Betweenness	0.1896231426763456
Sample_TCGA-EB-A41A	depmap	Net_Degree	0.27550232186601453
Sample_TCGA-EB-A41A	depmap	Net_Impact	0.23223817616951056
Sample_TCGA-EB-A41A	depmap	Net_Strength	0.21769919823105655
Sample_TCGA-EB-A41A	depmap	Net_WCI	0.013625991573429945
Sample_TCGA-EB-A41A	Net_Betweenness	Net_Degree	0.5684005413179926
Sample_TCGA-EB-A41A	Net_Betweenness	Net_Impact	0.6169187858204181
Sample_TCGA-EB-A41A	Net_Betweenness	Net_Strength	0.6212461366678939
Sample_TCGA-EB-A41A	Net_Betweenness	Net_WCI	0.41224270444221817
Sample_TCGA-EB-A41A	Net_Degree	Net_Impact	0.8872767809476798
Sample_TCGA-EB-A41A	Net_Degree	Net_Strength	0.8810091953826054
Sample_TCGA-EB-A41A	Net_Degree	Net_WCI	0.25684600530674245
Sample_TCGA-EB-A41A	Net_Impact	Net_Strength	0.9884659696988788
Sample_TCGA-EB-A41A	Net_Impact	Net_WCI	0.58701810396969
Sample_TCGA-EB-A41A	Net_Strength	Net_WCI	0.6200643862763529
